Grammar:

Rule 0     S' -> prog
Rule 1     prog -> decl_list
Rule 2     decl_list -> decl decl_list
Rule 3     decl_list -> empty
Rule 4     decl -> decl_init
Rule 5     decl -> ID : type_func ;
Rule 6     decl -> ID : type_array_sized ;
Rule 7     decl -> ID : type_simple ;
Rule 8     decl_init -> ID : type_func = { opt_stmt_list }
Rule 9     decl_init -> ID : type_array_sized = { opt_expr_list } ;
Rule 10    decl_init -> ID : type_simple = expr ;
Rule 11    opt_stmt_list -> stmt_list
Rule 12    opt_stmt_list -> empty
Rule 13    stmt_list -> stmt stmt_list
Rule 14    stmt_list -> stmt
Rule 15    stmt -> closed_stmt
Rule 16    stmt -> open_stmt
Rule 17    closed_stmt -> simple_stmt
Rule 18    closed_stmt -> for_stmt_closed
Rule 19    closed_stmt -> if_stmt_closed
Rule 20    open_stmt -> for_stmt_open
Rule 21    open_stmt -> if_stmt_open
Rule 22    if_cond -> IF ( opt_expr )
Rule 23    if_stmt_closed -> if_cond closed_stmt ELSE closed_stmt
Rule 24    if_stmt_open -> if_cond closed_stmt ELSE if_stmt_open
Rule 25    if_stmt_open -> if_cond stmt
Rule 26    for_header -> FOR ( opt_expr ; opt_expr ; opt_expr )
Rule 27    for_stmt_open -> for_header open_stmt
Rule 28    for_stmt_closed -> for_header closed_stmt
Rule 29    simple_stmt -> dowhile_stmt
Rule 30    simple_stmt -> while_stmt
Rule 31    simple_stmt -> expr ;
Rule 32    simple_stmt -> decl
Rule 33    simple_stmt -> block_stmt
Rule 34    simple_stmt -> return_stmt
Rule 35    simple_stmt -> print_stmt
Rule 36    while_stmt -> WHILE ( expr ) stmt
Rule 37    dowhile_stmt -> DO stmt WHILE ( expr ) ;
Rule 38    print_stmt -> PRINT opt_expr_list ;
Rule 39    return_stmt -> RETURN opt_expr ;
Rule 40    block_stmt -> { stmt_list }
Rule 41    opt_expr_list -> expr_list
Rule 42    opt_expr_list -> empty
Rule 43    expr_list -> expr , expr_list
Rule 44    expr_list -> expr
Rule 45    opt_expr -> expr
Rule 46    opt_expr -> empty
Rule 47    expr -> expr1
Rule 48    expr1 -> expr2
Rule 49    expr1 -> lval = expr1  [precedence=right, level=1]
Rule 50    lval -> ID array_index
Rule 51    lval -> ID
Rule 52    expr2 -> expr3
Rule 53    expr2 -> expr2 LOR expr3  [precedence=left, level=2]
Rule 54    expr3 -> expr4
Rule 55    expr3 -> expr3 LAND expr4  [precedence=left, level=3]
Rule 56    expr4 -> expr5
Rule 57    expr4 -> expr4 GE expr5  [precedence=left, level=4]
Rule 58    expr4 -> expr4 > expr5  [precedence=left, level=4]
Rule 59    expr4 -> expr4 LE expr5  [precedence=left, level=4]
Rule 60    expr4 -> expr4 < expr5  [precedence=left, level=4]
Rule 61    expr4 -> expr4 NE expr5  [precedence=left, level=4]
Rule 62    expr4 -> expr4 EQ expr5  [precedence=left, level=4]
Rule 63    expr5 -> expr6
Rule 64    expr5 -> expr5 - expr6  [precedence=left, level=5]
Rule 65    expr5 -> expr5 + expr6  [precedence=left, level=5]
Rule 66    expr6 -> expr7
Rule 67    expr6 -> expr6 % expr7  [precedence=left, level=6]
Rule 68    expr6 -> expr6 / expr7  [precedence=left, level=6]
Rule 69    expr6 -> expr6 * expr7  [precedence=left, level=6]
Rule 70    expr7 -> expr8
Rule 71    expr7 -> expr7 ^ expr8  [precedence=right, level=7]
Rule 72    expr8 -> expr9
Rule 73    expr8 -> NOT expr8  [precedence=right, level=8]
Rule 74    expr8 -> - expr8  [precedence=right, level=8]
Rule 75    expr9 -> group
Rule 76    expr9 -> expr9 DEC  [precedence=left, level=9]
Rule 77    expr9 -> expr9 INC  [precedence=left, level=9]
Rule 78    group -> factor
Rule 79    group -> ID array_index
Rule 80    group -> ID ( opt_expr_list )
Rule 81    group -> ( expr )
Rule 82    array_index -> [ expr ]
Rule 83    array_size_decl -> [ array_size_expr ]
Rule 84    array_size_expr -> array_size_expr * array_size_expr  [precedence=left, level=6]
Rule 85    array_size_expr -> array_size_expr + array_size_expr  [precedence=left, level=5]
Rule 86    array_size_expr -> INT_LIT
Rule 87    array_size_expr -> ID
Rule 88    factor -> FALSE
Rule 89    factor -> TRUE
Rule 90    factor -> STRING_LIT
Rule 91    factor -> CHAR_LIT
Rule 92    factor -> INT_LIT
Rule 93    factor -> FLOAT_LIT
Rule 94    factor -> ID
Rule 95    type_simple -> VOID
Rule 96    type_simple -> STRING
Rule 97    type_simple -> CHAR
Rule 98    type_simple -> BOOLEAN
Rule 99    type_simple -> FLOAT
Rule 100   type_simple -> INTEGER
Rule 101   type_array -> ARRAY [ ] type_array
Rule 102   type_array -> ARRAY [ ] type_simple
Rule 103   type_array_sized -> ARRAY array_size_decl type_array_sized
Rule 104   type_array_sized -> ARRAY array_size_decl type_simple
Rule 105   type_func -> FUNCTION type_array_sized ( opt_param_list )
Rule 106   type_func -> FUNCTION type_simple ( opt_param_list )
Rule 107   opt_param_list -> param_list
Rule 108   opt_param_list -> empty
Rule 109   param_list -> param_list , param
Rule 110   param_list -> param
Rule 111   param -> ID : type_array_sized
Rule 112   param -> ID : type_array
Rule 113   param -> ID : type_simple
Rule 114   empty -> <empty>

Unused terminals:

    AUTO

Terminals, with rules where they appear:

%                    : 67
(                    : 22 26 36 37 80 81 105 106
)                    : 22 26 36 37 80 81 105 106
*                    : 69 84
+                    : 65 85
,                    : 43 109
-                    : 64 74
/                    : 68
:                    : 5 6 7 8 9 10 111 112 113
;                    : 5 6 7 9 10 26 26 31 37 38 39
<                    : 60
=                    : 8 9 10 49
>                    : 58
ARRAY                : 101 102 103 104
AUTO                 : 
BOOLEAN              : 98
CHAR                 : 97
CHAR_LIT             : 91
DEC                  : 76
DO                   : 37
ELSE                 : 23 24
EQ                   : 62
FALSE                : 88
FLOAT                : 99
FLOAT_LIT            : 93
FOR                  : 26
FUNCTION             : 105 106
GE                   : 57
ID                   : 5 6 7 8 9 10 50 51 79 80 87 94 111 112 113
IF                   : 22
INC                  : 77
INTEGER              : 100
INT_LIT              : 86 92
LAND                 : 55
LE                   : 59
LOR                  : 53
NE                   : 61
NOT                  : 73
PRINT                : 38
RETURN               : 39
STRING               : 96
STRING_LIT           : 90
TRUE                 : 89
VOID                 : 95
WHILE                : 36 37
[                    : 82 83 101 102
]                    : 82 83 101 102
^                    : 71
error                : 
{                    : 8 9 40
}                    : 8 9 40

Nonterminals, with rules where they appear:

array_index          : 50 79
array_size_decl      : 103 104
array_size_expr      : 83 84 84 85 85
block_stmt           : 33
closed_stmt          : 15 23 23 24 28
decl                 : 2 32
decl_init            : 4
decl_list            : 1 2
dowhile_stmt         : 29
empty                : 3 12 42 46 108
expr                 : 10 31 36 37 43 44 45 81 82
expr1                : 47 49
expr2                : 48 53
expr3                : 52 53 55
expr4                : 54 55 57 58 59 60 61 62
expr5                : 56 57 58 59 60 61 62 64 65
expr6                : 63 64 65 67 68 69
expr7                : 66 67 68 69 71
expr8                : 70 71 73 74
expr9                : 72 76 77
expr_list            : 41 43
factor               : 78
for_header           : 27 28
for_stmt_closed      : 18
for_stmt_open        : 20
group                : 75
if_cond              : 23 24 25
if_stmt_closed       : 19
if_stmt_open         : 21 24
lval                 : 49
open_stmt            : 16 27
opt_expr             : 22 26 26 26 39
opt_expr_list        : 9 38 80
opt_param_list       : 105 106
opt_stmt_list        : 8
param                : 109 110
param_list           : 107 109
print_stmt           : 35
prog                 : 0
return_stmt          : 34
simple_stmt          : 17
stmt                 : 13 14 25 36 37
stmt_list            : 11 13 40
type_array           : 101 112
type_array_sized     : 6 9 103 105 111
type_func            : 5 8
type_simple          : 7 10 102 104 106 113
while_stmt           : 30


state 0

    (0) S' -> . prog
    (1) prog -> . decl_list
    (2) decl_list -> . decl decl_list
    (3) decl_list -> . empty
    (4) decl -> . decl_init
    (5) decl -> . ID : type_func ;
    (6) decl -> . ID : type_array_sized ;
    (7) decl -> . ID : type_simple ;
    (114) empty -> .
    (8) decl_init -> . ID : type_func = { opt_stmt_list }
    (9) decl_init -> . ID : type_array_sized = { opt_expr_list } ;
    (10) decl_init -> . ID : type_simple = expr ;
    ID              shift and go to state 6
    $end            reduce using rule 114 (empty -> .)

    prog                           shift and go to state 1
    decl_list                      shift and go to state 2
    decl                           shift and go to state 3
    empty                          shift and go to state 4
    decl_init                      shift and go to state 5

state 1

    (0) S' -> prog .


state 2

    (1) prog -> decl_list .
    $end            reduce using rule 1 (prog -> decl_list .)


state 3

    (2) decl_list -> decl . decl_list
    (2) decl_list -> . decl decl_list
    (3) decl_list -> . empty
    (4) decl -> . decl_init
    (5) decl -> . ID : type_func ;
    (6) decl -> . ID : type_array_sized ;
    (7) decl -> . ID : type_simple ;
    (114) empty -> .
    (8) decl_init -> . ID : type_func = { opt_stmt_list }
    (9) decl_init -> . ID : type_array_sized = { opt_expr_list } ;
    (10) decl_init -> . ID : type_simple = expr ;
    ID              shift and go to state 6
    $end            reduce using rule 114 (empty -> .)

    decl                           shift and go to state 3
    decl_list                      shift and go to state 7
    empty                          shift and go to state 4
    decl_init                      shift and go to state 5

state 4

    (3) decl_list -> empty .
    $end            reduce using rule 3 (decl_list -> empty .)


state 5

    (4) decl -> decl_init .
    ID              reduce using rule 4 (decl -> decl_init .)
    $end            reduce using rule 4 (decl -> decl_init .)
    DO              reduce using rule 4 (decl -> decl_init .)
    WHILE           reduce using rule 4 (decl -> decl_init .)
    {               reduce using rule 4 (decl -> decl_init .)
    RETURN          reduce using rule 4 (decl -> decl_init .)
    PRINT           reduce using rule 4 (decl -> decl_init .)
    FOR             reduce using rule 4 (decl -> decl_init .)
    IF              reduce using rule 4 (decl -> decl_init .)
    NOT             reduce using rule 4 (decl -> decl_init .)
    -               reduce using rule 4 (decl -> decl_init .)
    (               reduce using rule 4 (decl -> decl_init .)
    FALSE           reduce using rule 4 (decl -> decl_init .)
    TRUE            reduce using rule 4 (decl -> decl_init .)
    STRING_LIT      reduce using rule 4 (decl -> decl_init .)
    CHAR_LIT        reduce using rule 4 (decl -> decl_init .)
    INT_LIT         reduce using rule 4 (decl -> decl_init .)
    FLOAT_LIT       reduce using rule 4 (decl -> decl_init .)
    }               reduce using rule 4 (decl -> decl_init .)
    ELSE            reduce using rule 4 (decl -> decl_init .)


state 6

    (5) decl -> ID . : type_func ;
    (6) decl -> ID . : type_array_sized ;
    (7) decl -> ID . : type_simple ;
    (8) decl_init -> ID . : type_func = { opt_stmt_list }
    (9) decl_init -> ID . : type_array_sized = { opt_expr_list } ;
    (10) decl_init -> ID . : type_simple = expr ;
    :               shift and go to state 8


state 7

    (2) decl_list -> decl decl_list .
    $end            reduce using rule 2 (decl_list -> decl decl_list .)


state 8

    (5) decl -> ID : . type_func ;
    (6) decl -> ID : . type_array_sized ;
    (7) decl -> ID : . type_simple ;
    (8) decl_init -> ID : . type_func = { opt_stmt_list }
    (9) decl_init -> ID : . type_array_sized = { opt_expr_list } ;
    (10) decl_init -> ID : . type_simple = expr ;
    (105) type_func -> . FUNCTION type_array_sized ( opt_param_list )
    (106) type_func -> . FUNCTION type_simple ( opt_param_list )
    (103) type_array_sized -> . ARRAY array_size_decl type_array_sized
    (104) type_array_sized -> . ARRAY array_size_decl type_simple
    (95) type_simple -> . VOID
    (96) type_simple -> . STRING
    (97) type_simple -> . CHAR
    (98) type_simple -> . BOOLEAN
    (99) type_simple -> . FLOAT
    (100) type_simple -> . INTEGER
    FUNCTION        shift and go to state 12
    ARRAY           shift and go to state 13
    VOID            shift and go to state 14
    STRING          shift and go to state 15
    CHAR            shift and go to state 16
    BOOLEAN         shift and go to state 17
    FLOAT           shift and go to state 18
    INTEGER         shift and go to state 19

    type_func                      shift and go to state 9
    type_array_sized               shift and go to state 10
    type_simple                    shift and go to state 11

state 9

    (5) decl -> ID : type_func . ;
    (8) decl_init -> ID : type_func . = { opt_stmt_list }
    ;               shift and go to state 20
    =               shift and go to state 21


state 10

    (6) decl -> ID : type_array_sized . ;
    (9) decl_init -> ID : type_array_sized . = { opt_expr_list } ;
    ;               shift and go to state 22
    =               shift and go to state 23


state 11

    (7) decl -> ID : type_simple . ;
    (10) decl_init -> ID : type_simple . = expr ;
    ;               shift and go to state 24
    =               shift and go to state 25


state 12

    (105) type_func -> FUNCTION . type_array_sized ( opt_param_list )
    (106) type_func -> FUNCTION . type_simple ( opt_param_list )
    (103) type_array_sized -> . ARRAY array_size_decl type_array_sized
    (104) type_array_sized -> . ARRAY array_size_decl type_simple
    (95) type_simple -> . VOID
    (96) type_simple -> . STRING
    (97) type_simple -> . CHAR
    (98) type_simple -> . BOOLEAN
    (99) type_simple -> . FLOAT
    (100) type_simple -> . INTEGER
    ARRAY           shift and go to state 13
    VOID            shift and go to state 14
    STRING          shift and go to state 15
    CHAR            shift and go to state 16
    BOOLEAN         shift and go to state 17
    FLOAT           shift and go to state 18
    INTEGER         shift and go to state 19

    type_array_sized               shift and go to state 26
    type_simple                    shift and go to state 27

state 13

    (103) type_array_sized -> ARRAY . array_size_decl type_array_sized
    (104) type_array_sized -> ARRAY . array_size_decl type_simple
    (83) array_size_decl -> . [ array_size_expr ]
    [               shift and go to state 29

    array_size_decl                shift and go to state 28

state 14

    (95) type_simple -> VOID .
    ;               reduce using rule 95 (type_simple -> VOID .)
    =               reduce using rule 95 (type_simple -> VOID .)
    (               reduce using rule 95 (type_simple -> VOID .)
    ,               reduce using rule 95 (type_simple -> VOID .)
    )               reduce using rule 95 (type_simple -> VOID .)


state 15

    (96) type_simple -> STRING .
    ;               reduce using rule 96 (type_simple -> STRING .)
    =               reduce using rule 96 (type_simple -> STRING .)
    (               reduce using rule 96 (type_simple -> STRING .)
    ,               reduce using rule 96 (type_simple -> STRING .)
    )               reduce using rule 96 (type_simple -> STRING .)


state 16

    (97) type_simple -> CHAR .
    ;               reduce using rule 97 (type_simple -> CHAR .)
    =               reduce using rule 97 (type_simple -> CHAR .)
    (               reduce using rule 97 (type_simple -> CHAR .)
    ,               reduce using rule 97 (type_simple -> CHAR .)
    )               reduce using rule 97 (type_simple -> CHAR .)


state 17

    (98) type_simple -> BOOLEAN .
    ;               reduce using rule 98 (type_simple -> BOOLEAN .)
    =               reduce using rule 98 (type_simple -> BOOLEAN .)
    (               reduce using rule 98 (type_simple -> BOOLEAN .)
    ,               reduce using rule 98 (type_simple -> BOOLEAN .)
    )               reduce using rule 98 (type_simple -> BOOLEAN .)


state 18

    (99) type_simple -> FLOAT .
    ;               reduce using rule 99 (type_simple -> FLOAT .)
    =               reduce using rule 99 (type_simple -> FLOAT .)
    (               reduce using rule 99 (type_simple -> FLOAT .)
    ,               reduce using rule 99 (type_simple -> FLOAT .)
    )               reduce using rule 99 (type_simple -> FLOAT .)


state 19

    (100) type_simple -> INTEGER .
    ;               reduce using rule 100 (type_simple -> INTEGER .)
    =               reduce using rule 100 (type_simple -> INTEGER .)
    (               reduce using rule 100 (type_simple -> INTEGER .)
    ,               reduce using rule 100 (type_simple -> INTEGER .)
    )               reduce using rule 100 (type_simple -> INTEGER .)


state 20

    (5) decl -> ID : type_func ; .
    ID              reduce using rule 5 (decl -> ID : type_func ; .)
    $end            reduce using rule 5 (decl -> ID : type_func ; .)
    DO              reduce using rule 5 (decl -> ID : type_func ; .)
    WHILE           reduce using rule 5 (decl -> ID : type_func ; .)
    {               reduce using rule 5 (decl -> ID : type_func ; .)
    RETURN          reduce using rule 5 (decl -> ID : type_func ; .)
    PRINT           reduce using rule 5 (decl -> ID : type_func ; .)
    FOR             reduce using rule 5 (decl -> ID : type_func ; .)
    IF              reduce using rule 5 (decl -> ID : type_func ; .)
    NOT             reduce using rule 5 (decl -> ID : type_func ; .)
    -               reduce using rule 5 (decl -> ID : type_func ; .)
    (               reduce using rule 5 (decl -> ID : type_func ; .)
    FALSE           reduce using rule 5 (decl -> ID : type_func ; .)
    TRUE            reduce using rule 5 (decl -> ID : type_func ; .)
    STRING_LIT      reduce using rule 5 (decl -> ID : type_func ; .)
    CHAR_LIT        reduce using rule 5 (decl -> ID : type_func ; .)
    INT_LIT         reduce using rule 5 (decl -> ID : type_func ; .)
    FLOAT_LIT       reduce using rule 5 (decl -> ID : type_func ; .)
    }               reduce using rule 5 (decl -> ID : type_func ; .)
    ELSE            reduce using rule 5 (decl -> ID : type_func ; .)


state 21

    (8) decl_init -> ID : type_func = . { opt_stmt_list }
    {               shift and go to state 30


state 22

    (6) decl -> ID : type_array_sized ; .
    ID              reduce using rule 6 (decl -> ID : type_array_sized ; .)
    $end            reduce using rule 6 (decl -> ID : type_array_sized ; .)
    DO              reduce using rule 6 (decl -> ID : type_array_sized ; .)
    WHILE           reduce using rule 6 (decl -> ID : type_array_sized ; .)
    {               reduce using rule 6 (decl -> ID : type_array_sized ; .)
    RETURN          reduce using rule 6 (decl -> ID : type_array_sized ; .)
    PRINT           reduce using rule 6 (decl -> ID : type_array_sized ; .)
    FOR             reduce using rule 6 (decl -> ID : type_array_sized ; .)
    IF              reduce using rule 6 (decl -> ID : type_array_sized ; .)
    NOT             reduce using rule 6 (decl -> ID : type_array_sized ; .)
    -               reduce using rule 6 (decl -> ID : type_array_sized ; .)
    (               reduce using rule 6 (decl -> ID : type_array_sized ; .)
    FALSE           reduce using rule 6 (decl -> ID : type_array_sized ; .)
    TRUE            reduce using rule 6 (decl -> ID : type_array_sized ; .)
    STRING_LIT      reduce using rule 6 (decl -> ID : type_array_sized ; .)
    CHAR_LIT        reduce using rule 6 (decl -> ID : type_array_sized ; .)
    INT_LIT         reduce using rule 6 (decl -> ID : type_array_sized ; .)
    FLOAT_LIT       reduce using rule 6 (decl -> ID : type_array_sized ; .)
    }               reduce using rule 6 (decl -> ID : type_array_sized ; .)
    ELSE            reduce using rule 6 (decl -> ID : type_array_sized ; .)


state 23

    (9) decl_init -> ID : type_array_sized = . { opt_expr_list } ;
    {               shift and go to state 31


state 24

    (7) decl -> ID : type_simple ; .
    ID              reduce using rule 7 (decl -> ID : type_simple ; .)
    $end            reduce using rule 7 (decl -> ID : type_simple ; .)
    DO              reduce using rule 7 (decl -> ID : type_simple ; .)
    WHILE           reduce using rule 7 (decl -> ID : type_simple ; .)
    {               reduce using rule 7 (decl -> ID : type_simple ; .)
    RETURN          reduce using rule 7 (decl -> ID : type_simple ; .)
    PRINT           reduce using rule 7 (decl -> ID : type_simple ; .)
    FOR             reduce using rule 7 (decl -> ID : type_simple ; .)
    IF              reduce using rule 7 (decl -> ID : type_simple ; .)
    NOT             reduce using rule 7 (decl -> ID : type_simple ; .)
    -               reduce using rule 7 (decl -> ID : type_simple ; .)
    (               reduce using rule 7 (decl -> ID : type_simple ; .)
    FALSE           reduce using rule 7 (decl -> ID : type_simple ; .)
    TRUE            reduce using rule 7 (decl -> ID : type_simple ; .)
    STRING_LIT      reduce using rule 7 (decl -> ID : type_simple ; .)
    CHAR_LIT        reduce using rule 7 (decl -> ID : type_simple ; .)
    INT_LIT         reduce using rule 7 (decl -> ID : type_simple ; .)
    FLOAT_LIT       reduce using rule 7 (decl -> ID : type_simple ; .)
    }               reduce using rule 7 (decl -> ID : type_simple ; .)
    ELSE            reduce using rule 7 (decl -> ID : type_simple ; .)


state 25

    (10) decl_init -> ID : type_simple = . expr ;
    (47) expr -> . expr1
    (48) expr1 -> . expr2
    (49) expr1 -> . lval = expr1
    (52) expr2 -> . expr3
    (53) expr2 -> . expr2 LOR expr3
    (50) lval -> . ID array_index
    (51) lval -> . ID
    (54) expr3 -> . expr4
    (55) expr3 -> . expr3 LAND expr4
    (56) expr4 -> . expr5
    (57) expr4 -> . expr4 GE expr5
    (58) expr4 -> . expr4 > expr5
    (59) expr4 -> . expr4 LE expr5
    (60) expr4 -> . expr4 < expr5
    (61) expr4 -> . expr4 NE expr5
    (62) expr4 -> . expr4 EQ expr5
    (63) expr5 -> . expr6
    (64) expr5 -> . expr5 - expr6
    (65) expr5 -> . expr5 + expr6
    (66) expr6 -> . expr7
    (67) expr6 -> . expr6 % expr7
    (68) expr6 -> . expr6 / expr7
    (69) expr6 -> . expr6 * expr7
    (70) expr7 -> . expr8
    (71) expr7 -> . expr7 ^ expr8
    (72) expr8 -> . expr9
    (73) expr8 -> . NOT expr8
    (74) expr8 -> . - expr8
    (75) expr9 -> . group
    (76) expr9 -> . expr9 DEC
    (77) expr9 -> . expr9 INC
    (78) group -> . factor
    (79) group -> . ID array_index
    (80) group -> . ID ( opt_expr_list )
    (81) group -> . ( expr )
    (88) factor -> . FALSE
    (89) factor -> . TRUE
    (90) factor -> . STRING_LIT
    (91) factor -> . CHAR_LIT
    (92) factor -> . INT_LIT
    (93) factor -> . FLOAT_LIT
    (94) factor -> . ID
    ID              shift and go to state 32
    NOT             shift and go to state 45
    -               shift and go to state 41
    (               shift and go to state 48
    FALSE           shift and go to state 49
    TRUE            shift and go to state 50
    STRING_LIT      shift and go to state 51
    CHAR_LIT        shift and go to state 52
    INT_LIT         shift and go to state 53
    FLOAT_LIT       shift and go to state 54

    expr                           shift and go to state 33
    expr1                          shift and go to state 34
    expr2                          shift and go to state 35
    lval                           shift and go to state 36
    expr3                          shift and go to state 37
    expr4                          shift and go to state 38
    expr5                          shift and go to state 39
    expr6                          shift and go to state 40
    expr7                          shift and go to state 42
    expr8                          shift and go to state 43
    expr9                          shift and go to state 44
    group                          shift and go to state 46
    factor                         shift and go to state 47

state 26

    (105) type_func -> FUNCTION type_array_sized . ( opt_param_list )
    (               shift and go to state 55


state 27

    (106) type_func -> FUNCTION type_simple . ( opt_param_list )
    (               shift and go to state 56


state 28

    (103) type_array_sized -> ARRAY array_size_decl . type_array_sized
    (104) type_array_sized -> ARRAY array_size_decl . type_simple
    (103) type_array_sized -> . ARRAY array_size_decl type_array_sized
    (104) type_array_sized -> . ARRAY array_size_decl type_simple
    (95) type_simple -> . VOID
    (96) type_simple -> . STRING
    (97) type_simple -> . CHAR
    (98) type_simple -> . BOOLEAN
    (99) type_simple -> . FLOAT
    (100) type_simple -> . INTEGER
    ARRAY           shift and go to state 13
    VOID            shift and go to state 14
    STRING          shift and go to state 15
    CHAR            shift and go to state 16
    BOOLEAN         shift and go to state 17
    FLOAT           shift and go to state 18
    INTEGER         shift and go to state 19

    type_array_sized               shift and go to state 57
    type_simple                    shift and go to state 58

state 29

    (83) array_size_decl -> [ . array_size_expr ]
    (84) array_size_expr -> . array_size_expr * array_size_expr
    (85) array_size_expr -> . array_size_expr + array_size_expr
    (86) array_size_expr -> . INT_LIT
    (87) array_size_expr -> . ID
    INT_LIT         shift and go to state 60
    ID              shift and go to state 61

    array_size_expr                shift and go to state 59

state 30

    (8) decl_init -> ID : type_func = { . opt_stmt_list }
    (11) opt_stmt_list -> . stmt_list
    (12) opt_stmt_list -> . empty
    (13) stmt_list -> . stmt stmt_list
    (14) stmt_list -> . stmt
    (114) empty -> .
    (15) stmt -> . closed_stmt
    (16) stmt -> . open_stmt
    (17) closed_stmt -> . simple_stmt
    (18) closed_stmt -> . for_stmt_closed
    (19) closed_stmt -> . if_stmt_closed
    (20) open_stmt -> . for_stmt_open
    (21) open_stmt -> . if_stmt_open
    (29) simple_stmt -> . dowhile_stmt
    (30) simple_stmt -> . while_stmt
    (31) simple_stmt -> . expr ;
    (32) simple_stmt -> . decl
    (33) simple_stmt -> . block_stmt
    (34) simple_stmt -> . return_stmt
    (35) simple_stmt -> . print_stmt
    (28) for_stmt_closed -> . for_header closed_stmt
    (23) if_stmt_closed -> . if_cond closed_stmt ELSE closed_stmt
    (27) for_stmt_open -> . for_header open_stmt
    (24) if_stmt_open -> . if_cond closed_stmt ELSE if_stmt_open
    (25) if_stmt_open -> . if_cond stmt
    (37) dowhile_stmt -> . DO stmt WHILE ( expr ) ;
    (36) while_stmt -> . WHILE ( expr ) stmt
    (47) expr -> . expr1
    (4) decl -> . decl_init
    (5) decl -> . ID : type_func ;
    (6) decl -> . ID : type_array_sized ;
    (7) decl -> . ID : type_simple ;
    (40) block_stmt -> . { stmt_list }
    (39) return_stmt -> . RETURN opt_expr ;
    (38) print_stmt -> . PRINT opt_expr_list ;
    (26) for_header -> . FOR ( opt_expr ; opt_expr ; opt_expr )
    (22) if_cond -> . IF ( opt_expr )
    (48) expr1 -> . expr2
    (49) expr1 -> . lval = expr1
    (8) decl_init -> . ID : type_func = { opt_stmt_list }
    (9) decl_init -> . ID : type_array_sized = { opt_expr_list } ;
    (10) decl_init -> . ID : type_simple = expr ;
    (52) expr2 -> . expr3
    (53) expr2 -> . expr2 LOR expr3
    (50) lval -> . ID array_index
    (51) lval -> . ID
    (54) expr3 -> . expr4
    (55) expr3 -> . expr3 LAND expr4
    (56) expr4 -> . expr5
    (57) expr4 -> . expr4 GE expr5
    (58) expr4 -> . expr4 > expr5
    (59) expr4 -> . expr4 LE expr5
    (60) expr4 -> . expr4 < expr5
    (61) expr4 -> . expr4 NE expr5
    (62) expr4 -> . expr4 EQ expr5
    (63) expr5 -> . expr6
    (64) expr5 -> . expr5 - expr6
    (65) expr5 -> . expr5 + expr6
    (66) expr6 -> . expr7
    (67) expr6 -> . expr6 % expr7
    (68) expr6 -> . expr6 / expr7
    (69) expr6 -> . expr6 * expr7
    (70) expr7 -> . expr8
    (71) expr7 -> . expr7 ^ expr8
    (72) expr8 -> . expr9
    (73) expr8 -> . NOT expr8
    (74) expr8 -> . - expr8
    (75) expr9 -> . group
    (76) expr9 -> . expr9 DEC
    (77) expr9 -> . expr9 INC
    (78) group -> . factor
    (79) group -> . ID array_index
    (80) group -> . ID ( opt_expr_list )
    (81) group -> . ( expr )
    (88) factor -> . FALSE
    (89) factor -> . TRUE
    (90) factor -> . STRING_LIT
    (91) factor -> . CHAR_LIT
    (92) factor -> . INT_LIT
    (93) factor -> . FLOAT_LIT
    (94) factor -> . ID
    }               reduce using rule 114 (empty -> .)
    DO              shift and go to state 84
    WHILE           shift and go to state 85
    ID              shift and go to state 62
    {               shift and go to state 63
    RETURN          shift and go to state 86
    PRINT           shift and go to state 87
    FOR             shift and go to state 88
    IF              shift and go to state 89
    NOT             shift and go to state 45
    -               shift and go to state 41
    (               shift and go to state 48
    FALSE           shift and go to state 49
    TRUE            shift and go to state 50
    STRING_LIT      shift and go to state 51
    CHAR_LIT        shift and go to state 52
    INT_LIT         shift and go to state 53
    FLOAT_LIT       shift and go to state 54

    opt_stmt_list                  shift and go to state 64
    stmt_list                      shift and go to state 65
    empty                          shift and go to state 66
    stmt                           shift and go to state 67
    closed_stmt                    shift and go to state 68
    open_stmt                      shift and go to state 69
    simple_stmt                    shift and go to state 70
    for_stmt_closed                shift and go to state 71
    if_stmt_closed                 shift and go to state 72
    for_stmt_open                  shift and go to state 73
    if_stmt_open                   shift and go to state 74
    dowhile_stmt                   shift and go to state 75
    while_stmt                     shift and go to state 76
    expr                           shift and go to state 77
    decl                           shift and go to state 78
    block_stmt                     shift and go to state 79
    return_stmt                    shift and go to state 80
    print_stmt                     shift and go to state 81
    for_header                     shift and go to state 82
    if_cond                        shift and go to state 83
    expr1                          shift and go to state 34
    decl_init                      shift and go to state 5
    expr2                          shift and go to state 35
    lval                           shift and go to state 36
    expr3                          shift and go to state 37
    expr4                          shift and go to state 38
    expr5                          shift and go to state 39
    expr6                          shift and go to state 40
    expr7                          shift and go to state 42
    expr8                          shift and go to state 43
    expr9                          shift and go to state 44
    group                          shift and go to state 46
    factor                         shift and go to state 47

state 31

    (9) decl_init -> ID : type_array_sized = { . opt_expr_list } ;
    (41) opt_expr_list -> . expr_list
    (42) opt_expr_list -> . empty
    (43) expr_list -> . expr , expr_list
    (44) expr_list -> . expr
    (114) empty -> .
    (47) expr -> . expr1
    (48) expr1 -> . expr2
    (49) expr1 -> . lval = expr1
    (52) expr2 -> . expr3
    (53) expr2 -> . expr2 LOR expr3
    (50) lval -> . ID array_index
    (51) lval -> . ID
    (54) expr3 -> . expr4
    (55) expr3 -> . expr3 LAND expr4
    (56) expr4 -> . expr5
    (57) expr4 -> . expr4 GE expr5
    (58) expr4 -> . expr4 > expr5
    (59) expr4 -> . expr4 LE expr5
    (60) expr4 -> . expr4 < expr5
    (61) expr4 -> . expr4 NE expr5
    (62) expr4 -> . expr4 EQ expr5
    (63) expr5 -> . expr6
    (64) expr5 -> . expr5 - expr6
    (65) expr5 -> . expr5 + expr6
    (66) expr6 -> . expr7
    (67) expr6 -> . expr6 % expr7
    (68) expr6 -> . expr6 / expr7
    (69) expr6 -> . expr6 * expr7
    (70) expr7 -> . expr8
    (71) expr7 -> . expr7 ^ expr8
    (72) expr8 -> . expr9
    (73) expr8 -> . NOT expr8
    (74) expr8 -> . - expr8
    (75) expr9 -> . group
    (76) expr9 -> . expr9 DEC
    (77) expr9 -> . expr9 INC
    (78) group -> . factor
    (79) group -> . ID array_index
    (80) group -> . ID ( opt_expr_list )
    (81) group -> . ( expr )
    (88) factor -> . FALSE
    (89) factor -> . TRUE
    (90) factor -> . STRING_LIT
    (91) factor -> . CHAR_LIT
    (92) factor -> . INT_LIT
    (93) factor -> . FLOAT_LIT
    (94) factor -> . ID
    }               reduce using rule 114 (empty -> .)
    ID              shift and go to state 32
    NOT             shift and go to state 45
    -               shift and go to state 41
    (               shift and go to state 48
    FALSE           shift and go to state 49
    TRUE            shift and go to state 50
    STRING_LIT      shift and go to state 51
    CHAR_LIT        shift and go to state 52
    INT_LIT         shift and go to state 53
    FLOAT_LIT       shift and go to state 54

    opt_expr_list                  shift and go to state 90
    expr_list                      shift and go to state 91
    empty                          shift and go to state 92
    expr                           shift and go to state 93
    expr1                          shift and go to state 34
    expr2                          shift and go to state 35
    lval                           shift and go to state 36
    expr3                          shift and go to state 37
    expr4                          shift and go to state 38
    expr5                          shift and go to state 39
    expr6                          shift and go to state 40
    expr7                          shift and go to state 42
    expr8                          shift and go to state 43
    expr9                          shift and go to state 44
    group                          shift and go to state 46
    factor                         shift and go to state 47

state 32

    (50) lval -> ID . array_index
    (51) lval -> ID .
    (79) group -> ID . array_index
    (80) group -> ID . ( opt_expr_list )
    (94) factor -> ID .
    (82) array_index -> . [ expr ]
    =               reduce using rule 51 (lval -> ID .)
    (               shift and go to state 95
    DEC             reduce using rule 94 (factor -> ID .)
    INC             reduce using rule 94 (factor -> ID .)
    ^               reduce using rule 94 (factor -> ID .)
    %               reduce using rule 94 (factor -> ID .)
    /               reduce using rule 94 (factor -> ID .)
    *               reduce using rule 94 (factor -> ID .)
    -               reduce using rule 94 (factor -> ID .)
    +               reduce using rule 94 (factor -> ID .)
    GE              reduce using rule 94 (factor -> ID .)
    >               reduce using rule 94 (factor -> ID .)
    LE              reduce using rule 94 (factor -> ID .)
    <               reduce using rule 94 (factor -> ID .)
    NE              reduce using rule 94 (factor -> ID .)
    EQ              reduce using rule 94 (factor -> ID .)
    LAND            reduce using rule 94 (factor -> ID .)
    LOR             reduce using rule 94 (factor -> ID .)
    ;               reduce using rule 94 (factor -> ID .)
    ,               reduce using rule 94 (factor -> ID .)
    }               reduce using rule 94 (factor -> ID .)
    )               reduce using rule 94 (factor -> ID .)
    ]               reduce using rule 94 (factor -> ID .)
    [               shift and go to state 96

    array_index                    shift and go to state 94

state 33

    (10) decl_init -> ID : type_simple = expr . ;
    ;               shift and go to state 97


state 34

    (47) expr -> expr1 .
    ;               reduce using rule 47 (expr -> expr1 .)
    ,               reduce using rule 47 (expr -> expr1 .)
    }               reduce using rule 47 (expr -> expr1 .)
    )               reduce using rule 47 (expr -> expr1 .)
    ]               reduce using rule 47 (expr -> expr1 .)


state 35

    (48) expr1 -> expr2 .
    (53) expr2 -> expr2 . LOR expr3
    ;               reduce using rule 48 (expr1 -> expr2 .)
    ,               reduce using rule 48 (expr1 -> expr2 .)
    }               reduce using rule 48 (expr1 -> expr2 .)
    )               reduce using rule 48 (expr1 -> expr2 .)
    ]               reduce using rule 48 (expr1 -> expr2 .)
    LOR             shift and go to state 98


state 36

    (49) expr1 -> lval . = expr1
    =               shift and go to state 99


state 37

    (52) expr2 -> expr3 .
    (55) expr3 -> expr3 . LAND expr4
    LOR             reduce using rule 52 (expr2 -> expr3 .)
    ;               reduce using rule 52 (expr2 -> expr3 .)
    ,               reduce using rule 52 (expr2 -> expr3 .)
    }               reduce using rule 52 (expr2 -> expr3 .)
    )               reduce using rule 52 (expr2 -> expr3 .)
    ]               reduce using rule 52 (expr2 -> expr3 .)
    LAND            shift and go to state 100


state 38

    (54) expr3 -> expr4 .
    (57) expr4 -> expr4 . GE expr5
    (58) expr4 -> expr4 . > expr5
    (59) expr4 -> expr4 . LE expr5
    (60) expr4 -> expr4 . < expr5
    (61) expr4 -> expr4 . NE expr5
    (62) expr4 -> expr4 . EQ expr5
    LAND            reduce using rule 54 (expr3 -> expr4 .)
    LOR             reduce using rule 54 (expr3 -> expr4 .)
    ;               reduce using rule 54 (expr3 -> expr4 .)
    ,               reduce using rule 54 (expr3 -> expr4 .)
    }               reduce using rule 54 (expr3 -> expr4 .)
    )               reduce using rule 54 (expr3 -> expr4 .)
    ]               reduce using rule 54 (expr3 -> expr4 .)
    GE              shift and go to state 101
    >               shift and go to state 102
    LE              shift and go to state 103
    <               shift and go to state 104
    NE              shift and go to state 105
    EQ              shift and go to state 106


state 39

    (56) expr4 -> expr5 .
    (64) expr5 -> expr5 . - expr6
    (65) expr5 -> expr5 . + expr6
    GE              reduce using rule 56 (expr4 -> expr5 .)
    >               reduce using rule 56 (expr4 -> expr5 .)
    LE              reduce using rule 56 (expr4 -> expr5 .)
    <               reduce using rule 56 (expr4 -> expr5 .)
    NE              reduce using rule 56 (expr4 -> expr5 .)
    EQ              reduce using rule 56 (expr4 -> expr5 .)
    LAND            reduce using rule 56 (expr4 -> expr5 .)
    LOR             reduce using rule 56 (expr4 -> expr5 .)
    ;               reduce using rule 56 (expr4 -> expr5 .)
    ,               reduce using rule 56 (expr4 -> expr5 .)
    }               reduce using rule 56 (expr4 -> expr5 .)
    )               reduce using rule 56 (expr4 -> expr5 .)
    ]               reduce using rule 56 (expr4 -> expr5 .)
    -               shift and go to state 107
    +               shift and go to state 108


state 40

    (63) expr5 -> expr6 .
    (67) expr6 -> expr6 . % expr7
    (68) expr6 -> expr6 . / expr7
    (69) expr6 -> expr6 . * expr7
    -               reduce using rule 63 (expr5 -> expr6 .)
    +               reduce using rule 63 (expr5 -> expr6 .)
    GE              reduce using rule 63 (expr5 -> expr6 .)
    >               reduce using rule 63 (expr5 -> expr6 .)
    LE              reduce using rule 63 (expr5 -> expr6 .)
    <               reduce using rule 63 (expr5 -> expr6 .)
    NE              reduce using rule 63 (expr5 -> expr6 .)
    EQ              reduce using rule 63 (expr5 -> expr6 .)
    LAND            reduce using rule 63 (expr5 -> expr6 .)
    LOR             reduce using rule 63 (expr5 -> expr6 .)
    ;               reduce using rule 63 (expr5 -> expr6 .)
    ,               reduce using rule 63 (expr5 -> expr6 .)
    }               reduce using rule 63 (expr5 -> expr6 .)
    )               reduce using rule 63 (expr5 -> expr6 .)
    ]               reduce using rule 63 (expr5 -> expr6 .)
    %               shift and go to state 109
    /               shift and go to state 110
    *               shift and go to state 111


state 41

    (74) expr8 -> - . expr8
    (72) expr8 -> . expr9
    (73) expr8 -> . NOT expr8
    (74) expr8 -> . - expr8
    (75) expr9 -> . group
    (76) expr9 -> . expr9 DEC
    (77) expr9 -> . expr9 INC
    (78) group -> . factor
    (79) group -> . ID array_index
    (80) group -> . ID ( opt_expr_list )
    (81) group -> . ( expr )
    (88) factor -> . FALSE
    (89) factor -> . TRUE
    (90) factor -> . STRING_LIT
    (91) factor -> . CHAR_LIT
    (92) factor -> . INT_LIT
    (93) factor -> . FLOAT_LIT
    (94) factor -> . ID
    NOT             shift and go to state 45
    -               shift and go to state 41
    ID              shift and go to state 113
    (               shift and go to state 48
    FALSE           shift and go to state 49
    TRUE            shift and go to state 50
    STRING_LIT      shift and go to state 51
    CHAR_LIT        shift and go to state 52
    INT_LIT         shift and go to state 53
    FLOAT_LIT       shift and go to state 54

    expr8                          shift and go to state 112
    expr9                          shift and go to state 44
    group                          shift and go to state 46
    factor                         shift and go to state 47

state 42

    (66) expr6 -> expr7 .
    (71) expr7 -> expr7 . ^ expr8
    %               reduce using rule 66 (expr6 -> expr7 .)
    /               reduce using rule 66 (expr6 -> expr7 .)
    *               reduce using rule 66 (expr6 -> expr7 .)
    -               reduce using rule 66 (expr6 -> expr7 .)
    +               reduce using rule 66 (expr6 -> expr7 .)
    GE              reduce using rule 66 (expr6 -> expr7 .)
    >               reduce using rule 66 (expr6 -> expr7 .)
    LE              reduce using rule 66 (expr6 -> expr7 .)
    <               reduce using rule 66 (expr6 -> expr7 .)
    NE              reduce using rule 66 (expr6 -> expr7 .)
    EQ              reduce using rule 66 (expr6 -> expr7 .)
    LAND            reduce using rule 66 (expr6 -> expr7 .)
    LOR             reduce using rule 66 (expr6 -> expr7 .)
    ;               reduce using rule 66 (expr6 -> expr7 .)
    ,               reduce using rule 66 (expr6 -> expr7 .)
    }               reduce using rule 66 (expr6 -> expr7 .)
    )               reduce using rule 66 (expr6 -> expr7 .)
    ]               reduce using rule 66 (expr6 -> expr7 .)
    ^               shift and go to state 114


state 43

    (70) expr7 -> expr8 .
    ^               reduce using rule 70 (expr7 -> expr8 .)
    %               reduce using rule 70 (expr7 -> expr8 .)
    /               reduce using rule 70 (expr7 -> expr8 .)
    *               reduce using rule 70 (expr7 -> expr8 .)
    -               reduce using rule 70 (expr7 -> expr8 .)
    +               reduce using rule 70 (expr7 -> expr8 .)
    GE              reduce using rule 70 (expr7 -> expr8 .)
    >               reduce using rule 70 (expr7 -> expr8 .)
    LE              reduce using rule 70 (expr7 -> expr8 .)
    <               reduce using rule 70 (expr7 -> expr8 .)
    NE              reduce using rule 70 (expr7 -> expr8 .)
    EQ              reduce using rule 70 (expr7 -> expr8 .)
    LAND            reduce using rule 70 (expr7 -> expr8 .)
    LOR             reduce using rule 70 (expr7 -> expr8 .)
    ;               reduce using rule 70 (expr7 -> expr8 .)
    ,               reduce using rule 70 (expr7 -> expr8 .)
    }               reduce using rule 70 (expr7 -> expr8 .)
    )               reduce using rule 70 (expr7 -> expr8 .)
    ]               reduce using rule 70 (expr7 -> expr8 .)


state 44

    (72) expr8 -> expr9 .
    (76) expr9 -> expr9 . DEC
    (77) expr9 -> expr9 . INC
    ^               reduce using rule 72 (expr8 -> expr9 .)
    %               reduce using rule 72 (expr8 -> expr9 .)
    /               reduce using rule 72 (expr8 -> expr9 .)
    *               reduce using rule 72 (expr8 -> expr9 .)
    -               reduce using rule 72 (expr8 -> expr9 .)
    +               reduce using rule 72 (expr8 -> expr9 .)
    GE              reduce using rule 72 (expr8 -> expr9 .)
    >               reduce using rule 72 (expr8 -> expr9 .)
    LE              reduce using rule 72 (expr8 -> expr9 .)
    <               reduce using rule 72 (expr8 -> expr9 .)
    NE              reduce using rule 72 (expr8 -> expr9 .)
    EQ              reduce using rule 72 (expr8 -> expr9 .)
    LAND            reduce using rule 72 (expr8 -> expr9 .)
    LOR             reduce using rule 72 (expr8 -> expr9 .)
    ;               reduce using rule 72 (expr8 -> expr9 .)
    ,               reduce using rule 72 (expr8 -> expr9 .)
    }               reduce using rule 72 (expr8 -> expr9 .)
    )               reduce using rule 72 (expr8 -> expr9 .)
    ]               reduce using rule 72 (expr8 -> expr9 .)
    DEC             shift and go to state 115
    INC             shift and go to state 116


state 45

    (73) expr8 -> NOT . expr8
    (72) expr8 -> . expr9
    (73) expr8 -> . NOT expr8
    (74) expr8 -> . - expr8
    (75) expr9 -> . group
    (76) expr9 -> . expr9 DEC
    (77) expr9 -> . expr9 INC
    (78) group -> . factor
    (79) group -> . ID array_index
    (80) group -> . ID ( opt_expr_list )
    (81) group -> . ( expr )
    (88) factor -> . FALSE
    (89) factor -> . TRUE
    (90) factor -> . STRING_LIT
    (91) factor -> . CHAR_LIT
    (92) factor -> . INT_LIT
    (93) factor -> . FLOAT_LIT
    (94) factor -> . ID
    NOT             shift and go to state 45
    -               shift and go to state 41
    ID              shift and go to state 113
    (               shift and go to state 48
    FALSE           shift and go to state 49
    TRUE            shift and go to state 50
    STRING_LIT      shift and go to state 51
    CHAR_LIT        shift and go to state 52
    INT_LIT         shift and go to state 53
    FLOAT_LIT       shift and go to state 54

    expr8                          shift and go to state 117
    expr9                          shift and go to state 44
    group                          shift and go to state 46
    factor                         shift and go to state 47

state 46

    (75) expr9 -> group .
    DEC             reduce using rule 75 (expr9 -> group .)
    INC             reduce using rule 75 (expr9 -> group .)
    ^               reduce using rule 75 (expr9 -> group .)
    %               reduce using rule 75 (expr9 -> group .)
    /               reduce using rule 75 (expr9 -> group .)
    *               reduce using rule 75 (expr9 -> group .)
    -               reduce using rule 75 (expr9 -> group .)
    +               reduce using rule 75 (expr9 -> group .)
    GE              reduce using rule 75 (expr9 -> group .)
    >               reduce using rule 75 (expr9 -> group .)
    LE              reduce using rule 75 (expr9 -> group .)
    <               reduce using rule 75 (expr9 -> group .)
    NE              reduce using rule 75 (expr9 -> group .)
    EQ              reduce using rule 75 (expr9 -> group .)
    LAND            reduce using rule 75 (expr9 -> group .)
    LOR             reduce using rule 75 (expr9 -> group .)
    ;               reduce using rule 75 (expr9 -> group .)
    ,               reduce using rule 75 (expr9 -> group .)
    }               reduce using rule 75 (expr9 -> group .)
    )               reduce using rule 75 (expr9 -> group .)
    ]               reduce using rule 75 (expr9 -> group .)


state 47

    (78) group -> factor .
    DEC             reduce using rule 78 (group -> factor .)
    INC             reduce using rule 78 (group -> factor .)
    ^               reduce using rule 78 (group -> factor .)
    %               reduce using rule 78 (group -> factor .)
    /               reduce using rule 78 (group -> factor .)
    *               reduce using rule 78 (group -> factor .)
    -               reduce using rule 78 (group -> factor .)
    +               reduce using rule 78 (group -> factor .)
    GE              reduce using rule 78 (group -> factor .)
    >               reduce using rule 78 (group -> factor .)
    LE              reduce using rule 78 (group -> factor .)
    <               reduce using rule 78 (group -> factor .)
    NE              reduce using rule 78 (group -> factor .)
    EQ              reduce using rule 78 (group -> factor .)
    LAND            reduce using rule 78 (group -> factor .)
    LOR             reduce using rule 78 (group -> factor .)
    ;               reduce using rule 78 (group -> factor .)
    ,               reduce using rule 78 (group -> factor .)
    }               reduce using rule 78 (group -> factor .)
    )               reduce using rule 78 (group -> factor .)
    ]               reduce using rule 78 (group -> factor .)


state 48

    (81) group -> ( . expr )
    (47) expr -> . expr1
    (48) expr1 -> . expr2
    (49) expr1 -> . lval = expr1
    (52) expr2 -> . expr3
    (53) expr2 -> . expr2 LOR expr3
    (50) lval -> . ID array_index
    (51) lval -> . ID
    (54) expr3 -> . expr4
    (55) expr3 -> . expr3 LAND expr4
    (56) expr4 -> . expr5
    (57) expr4 -> . expr4 GE expr5
    (58) expr4 -> . expr4 > expr5
    (59) expr4 -> . expr4 LE expr5
    (60) expr4 -> . expr4 < expr5
    (61) expr4 -> . expr4 NE expr5
    (62) expr4 -> . expr4 EQ expr5
    (63) expr5 -> . expr6
    (64) expr5 -> . expr5 - expr6
    (65) expr5 -> . expr5 + expr6
    (66) expr6 -> . expr7
    (67) expr6 -> . expr6 % expr7
    (68) expr6 -> . expr6 / expr7
    (69) expr6 -> . expr6 * expr7
    (70) expr7 -> . expr8
    (71) expr7 -> . expr7 ^ expr8
    (72) expr8 -> . expr9
    (73) expr8 -> . NOT expr8
    (74) expr8 -> . - expr8
    (75) expr9 -> . group
    (76) expr9 -> . expr9 DEC
    (77) expr9 -> . expr9 INC
    (78) group -> . factor
    (79) group -> . ID array_index
    (80) group -> . ID ( opt_expr_list )
    (81) group -> . ( expr )
    (88) factor -> . FALSE
    (89) factor -> . TRUE
    (90) factor -> . STRING_LIT
    (91) factor -> . CHAR_LIT
    (92) factor -> . INT_LIT
    (93) factor -> . FLOAT_LIT
    (94) factor -> . ID
    ID              shift and go to state 32
    NOT             shift and go to state 45
    -               shift and go to state 41
    (               shift and go to state 48
    FALSE           shift and go to state 49
    TRUE            shift and go to state 50
    STRING_LIT      shift and go to state 51
    CHAR_LIT        shift and go to state 52
    INT_LIT         shift and go to state 53
    FLOAT_LIT       shift and go to state 54

    expr                           shift and go to state 118
    expr1                          shift and go to state 34
    expr2                          shift and go to state 35
    lval                           shift and go to state 36
    expr3                          shift and go to state 37
    expr4                          shift and go to state 38
    expr5                          shift and go to state 39
    expr6                          shift and go to state 40
    expr7                          shift and go to state 42
    expr8                          shift and go to state 43
    expr9                          shift and go to state 44
    group                          shift and go to state 46
    factor                         shift and go to state 47

state 49

    (88) factor -> FALSE .
    DEC             reduce using rule 88 (factor -> FALSE .)
    INC             reduce using rule 88 (factor -> FALSE .)
    ^               reduce using rule 88 (factor -> FALSE .)
    %               reduce using rule 88 (factor -> FALSE .)
    /               reduce using rule 88 (factor -> FALSE .)
    *               reduce using rule 88 (factor -> FALSE .)
    -               reduce using rule 88 (factor -> FALSE .)
    +               reduce using rule 88 (factor -> FALSE .)
    GE              reduce using rule 88 (factor -> FALSE .)
    >               reduce using rule 88 (factor -> FALSE .)
    LE              reduce using rule 88 (factor -> FALSE .)
    <               reduce using rule 88 (factor -> FALSE .)
    NE              reduce using rule 88 (factor -> FALSE .)
    EQ              reduce using rule 88 (factor -> FALSE .)
    LAND            reduce using rule 88 (factor -> FALSE .)
    LOR             reduce using rule 88 (factor -> FALSE .)
    ;               reduce using rule 88 (factor -> FALSE .)
    ,               reduce using rule 88 (factor -> FALSE .)
    }               reduce using rule 88 (factor -> FALSE .)
    )               reduce using rule 88 (factor -> FALSE .)
    ]               reduce using rule 88 (factor -> FALSE .)


state 50

    (89) factor -> TRUE .
    DEC             reduce using rule 89 (factor -> TRUE .)
    INC             reduce using rule 89 (factor -> TRUE .)
    ^               reduce using rule 89 (factor -> TRUE .)
    %               reduce using rule 89 (factor -> TRUE .)
    /               reduce using rule 89 (factor -> TRUE .)
    *               reduce using rule 89 (factor -> TRUE .)
    -               reduce using rule 89 (factor -> TRUE .)
    +               reduce using rule 89 (factor -> TRUE .)
    GE              reduce using rule 89 (factor -> TRUE .)
    >               reduce using rule 89 (factor -> TRUE .)
    LE              reduce using rule 89 (factor -> TRUE .)
    <               reduce using rule 89 (factor -> TRUE .)
    NE              reduce using rule 89 (factor -> TRUE .)
    EQ              reduce using rule 89 (factor -> TRUE .)
    LAND            reduce using rule 89 (factor -> TRUE .)
    LOR             reduce using rule 89 (factor -> TRUE .)
    ;               reduce using rule 89 (factor -> TRUE .)
    ,               reduce using rule 89 (factor -> TRUE .)
    }               reduce using rule 89 (factor -> TRUE .)
    )               reduce using rule 89 (factor -> TRUE .)
    ]               reduce using rule 89 (factor -> TRUE .)


state 51

    (90) factor -> STRING_LIT .
    DEC             reduce using rule 90 (factor -> STRING_LIT .)
    INC             reduce using rule 90 (factor -> STRING_LIT .)
    ^               reduce using rule 90 (factor -> STRING_LIT .)
    %               reduce using rule 90 (factor -> STRING_LIT .)
    /               reduce using rule 90 (factor -> STRING_LIT .)
    *               reduce using rule 90 (factor -> STRING_LIT .)
    -               reduce using rule 90 (factor -> STRING_LIT .)
    +               reduce using rule 90 (factor -> STRING_LIT .)
    GE              reduce using rule 90 (factor -> STRING_LIT .)
    >               reduce using rule 90 (factor -> STRING_LIT .)
    LE              reduce using rule 90 (factor -> STRING_LIT .)
    <               reduce using rule 90 (factor -> STRING_LIT .)
    NE              reduce using rule 90 (factor -> STRING_LIT .)
    EQ              reduce using rule 90 (factor -> STRING_LIT .)
    LAND            reduce using rule 90 (factor -> STRING_LIT .)
    LOR             reduce using rule 90 (factor -> STRING_LIT .)
    ;               reduce using rule 90 (factor -> STRING_LIT .)
    ,               reduce using rule 90 (factor -> STRING_LIT .)
    }               reduce using rule 90 (factor -> STRING_LIT .)
    )               reduce using rule 90 (factor -> STRING_LIT .)
    ]               reduce using rule 90 (factor -> STRING_LIT .)


state 52

    (91) factor -> CHAR_LIT .
    DEC             reduce using rule 91 (factor -> CHAR_LIT .)
    INC             reduce using rule 91 (factor -> CHAR_LIT .)
    ^               reduce using rule 91 (factor -> CHAR_LIT .)
    %               reduce using rule 91 (factor -> CHAR_LIT .)
    /               reduce using rule 91 (factor -> CHAR_LIT .)
    *               reduce using rule 91 (factor -> CHAR_LIT .)
    -               reduce using rule 91 (factor -> CHAR_LIT .)
    +               reduce using rule 91 (factor -> CHAR_LIT .)
    GE              reduce using rule 91 (factor -> CHAR_LIT .)
    >               reduce using rule 91 (factor -> CHAR_LIT .)
    LE              reduce using rule 91 (factor -> CHAR_LIT .)
    <               reduce using rule 91 (factor -> CHAR_LIT .)
    NE              reduce using rule 91 (factor -> CHAR_LIT .)
    EQ              reduce using rule 91 (factor -> CHAR_LIT .)
    LAND            reduce using rule 91 (factor -> CHAR_LIT .)
    LOR             reduce using rule 91 (factor -> CHAR_LIT .)
    ;               reduce using rule 91 (factor -> CHAR_LIT .)
    ,               reduce using rule 91 (factor -> CHAR_LIT .)
    }               reduce using rule 91 (factor -> CHAR_LIT .)
    )               reduce using rule 91 (factor -> CHAR_LIT .)
    ]               reduce using rule 91 (factor -> CHAR_LIT .)


state 53

    (92) factor -> INT_LIT .
    DEC             reduce using rule 92 (factor -> INT_LIT .)
    INC             reduce using rule 92 (factor -> INT_LIT .)
    ^               reduce using rule 92 (factor -> INT_LIT .)
    %               reduce using rule 92 (factor -> INT_LIT .)
    /               reduce using rule 92 (factor -> INT_LIT .)
    *               reduce using rule 92 (factor -> INT_LIT .)
    -               reduce using rule 92 (factor -> INT_LIT .)
    +               reduce using rule 92 (factor -> INT_LIT .)
    GE              reduce using rule 92 (factor -> INT_LIT .)
    >               reduce using rule 92 (factor -> INT_LIT .)
    LE              reduce using rule 92 (factor -> INT_LIT .)
    <               reduce using rule 92 (factor -> INT_LIT .)
    NE              reduce using rule 92 (factor -> INT_LIT .)
    EQ              reduce using rule 92 (factor -> INT_LIT .)
    LAND            reduce using rule 92 (factor -> INT_LIT .)
    LOR             reduce using rule 92 (factor -> INT_LIT .)
    ;               reduce using rule 92 (factor -> INT_LIT .)
    ,               reduce using rule 92 (factor -> INT_LIT .)
    }               reduce using rule 92 (factor -> INT_LIT .)
    )               reduce using rule 92 (factor -> INT_LIT .)
    ]               reduce using rule 92 (factor -> INT_LIT .)


state 54

    (93) factor -> FLOAT_LIT .
    DEC             reduce using rule 93 (factor -> FLOAT_LIT .)
    INC             reduce using rule 93 (factor -> FLOAT_LIT .)
    ^               reduce using rule 93 (factor -> FLOAT_LIT .)
    %               reduce using rule 93 (factor -> FLOAT_LIT .)
    /               reduce using rule 93 (factor -> FLOAT_LIT .)
    *               reduce using rule 93 (factor -> FLOAT_LIT .)
    -               reduce using rule 93 (factor -> FLOAT_LIT .)
    +               reduce using rule 93 (factor -> FLOAT_LIT .)
    GE              reduce using rule 93 (factor -> FLOAT_LIT .)
    >               reduce using rule 93 (factor -> FLOAT_LIT .)
    LE              reduce using rule 93 (factor -> FLOAT_LIT .)
    <               reduce using rule 93 (factor -> FLOAT_LIT .)
    NE              reduce using rule 93 (factor -> FLOAT_LIT .)
    EQ              reduce using rule 93 (factor -> FLOAT_LIT .)
    LAND            reduce using rule 93 (factor -> FLOAT_LIT .)
    LOR             reduce using rule 93 (factor -> FLOAT_LIT .)
    ;               reduce using rule 93 (factor -> FLOAT_LIT .)
    ,               reduce using rule 93 (factor -> FLOAT_LIT .)
    }               reduce using rule 93 (factor -> FLOAT_LIT .)
    )               reduce using rule 93 (factor -> FLOAT_LIT .)
    ]               reduce using rule 93 (factor -> FLOAT_LIT .)


state 55

    (105) type_func -> FUNCTION type_array_sized ( . opt_param_list )
    (107) opt_param_list -> . param_list
    (108) opt_param_list -> . empty
    (109) param_list -> . param_list , param
    (110) param_list -> . param
    (114) empty -> .
    (111) param -> . ID : type_array_sized
    (112) param -> . ID : type_array
    (113) param -> . ID : type_simple
    )               reduce using rule 114 (empty -> .)
    ID              shift and go to state 123

    opt_param_list                 shift and go to state 119
    param_list                     shift and go to state 120
    empty                          shift and go to state 121
    param                          shift and go to state 122

state 56

    (106) type_func -> FUNCTION type_simple ( . opt_param_list )
    (107) opt_param_list -> . param_list
    (108) opt_param_list -> . empty
    (109) param_list -> . param_list , param
    (110) param_list -> . param
    (114) empty -> .
    (111) param -> . ID : type_array_sized
    (112) param -> . ID : type_array
    (113) param -> . ID : type_simple
    )               reduce using rule 114 (empty -> .)
    ID              shift and go to state 123

    opt_param_list                 shift and go to state 124
    param_list                     shift and go to state 120
    empty                          shift and go to state 121
    param                          shift and go to state 122

state 57

    (103) type_array_sized -> ARRAY array_size_decl type_array_sized .
    ;               reduce using rule 103 (type_array_sized -> ARRAY array_size_decl type_array_sized .)
    =               reduce using rule 103 (type_array_sized -> ARRAY array_size_decl type_array_sized .)
    (               reduce using rule 103 (type_array_sized -> ARRAY array_size_decl type_array_sized .)
    ,               reduce using rule 103 (type_array_sized -> ARRAY array_size_decl type_array_sized .)
    )               reduce using rule 103 (type_array_sized -> ARRAY array_size_decl type_array_sized .)


state 58

    (104) type_array_sized -> ARRAY array_size_decl type_simple .
    ;               reduce using rule 104 (type_array_sized -> ARRAY array_size_decl type_simple .)
    =               reduce using rule 104 (type_array_sized -> ARRAY array_size_decl type_simple .)
    (               reduce using rule 104 (type_array_sized -> ARRAY array_size_decl type_simple .)
    ,               reduce using rule 104 (type_array_sized -> ARRAY array_size_decl type_simple .)
    )               reduce using rule 104 (type_array_sized -> ARRAY array_size_decl type_simple .)


state 59

    (83) array_size_decl -> [ array_size_expr . ]
    (84) array_size_expr -> array_size_expr . * array_size_expr
    (85) array_size_expr -> array_size_expr . + array_size_expr
    ]               shift and go to state 125
    *               shift and go to state 126
    +               shift and go to state 127


state 60

    (86) array_size_expr -> INT_LIT .
    ]               reduce using rule 86 (array_size_expr -> INT_LIT .)
    *               reduce using rule 86 (array_size_expr -> INT_LIT .)
    +               reduce using rule 86 (array_size_expr -> INT_LIT .)


state 61

    (87) array_size_expr -> ID .
    ]               reduce using rule 87 (array_size_expr -> ID .)
    *               reduce using rule 87 (array_size_expr -> ID .)
    +               reduce using rule 87 (array_size_expr -> ID .)


state 62

    (5) decl -> ID . : type_func ;
    (6) decl -> ID . : type_array_sized ;
    (7) decl -> ID . : type_simple ;
    (8) decl_init -> ID . : type_func = { opt_stmt_list }
    (9) decl_init -> ID . : type_array_sized = { opt_expr_list } ;
    (10) decl_init -> ID . : type_simple = expr ;
    (50) lval -> ID . array_index
    (51) lval -> ID .
    (79) group -> ID . array_index
    (80) group -> ID . ( opt_expr_list )
    (94) factor -> ID .
    (82) array_index -> . [ expr ]
    :               shift and go to state 8
    =               reduce using rule 51 (lval -> ID .)
    (               shift and go to state 95
    DEC             reduce using rule 94 (factor -> ID .)
    INC             reduce using rule 94 (factor -> ID .)
    ^               reduce using rule 94 (factor -> ID .)
    %               reduce using rule 94 (factor -> ID .)
    /               reduce using rule 94 (factor -> ID .)
    *               reduce using rule 94 (factor -> ID .)
    -               reduce using rule 94 (factor -> ID .)
    +               reduce using rule 94 (factor -> ID .)
    GE              reduce using rule 94 (factor -> ID .)
    >               reduce using rule 94 (factor -> ID .)
    LE              reduce using rule 94 (factor -> ID .)
    <               reduce using rule 94 (factor -> ID .)
    NE              reduce using rule 94 (factor -> ID .)
    EQ              reduce using rule 94 (factor -> ID .)
    LAND            reduce using rule 94 (factor -> ID .)
    LOR             reduce using rule 94 (factor -> ID .)
    ;               reduce using rule 94 (factor -> ID .)
    [               shift and go to state 96

    array_index                    shift and go to state 94

state 63

    (40) block_stmt -> { . stmt_list }
    (13) stmt_list -> . stmt stmt_list
    (14) stmt_list -> . stmt
    (15) stmt -> . closed_stmt
    (16) stmt -> . open_stmt
    (17) closed_stmt -> . simple_stmt
    (18) closed_stmt -> . for_stmt_closed
    (19) closed_stmt -> . if_stmt_closed
    (20) open_stmt -> . for_stmt_open
    (21) open_stmt -> . if_stmt_open
    (29) simple_stmt -> . dowhile_stmt
    (30) simple_stmt -> . while_stmt
    (31) simple_stmt -> . expr ;
    (32) simple_stmt -> . decl
    (33) simple_stmt -> . block_stmt
    (34) simple_stmt -> . return_stmt
    (35) simple_stmt -> . print_stmt
    (28) for_stmt_closed -> . for_header closed_stmt
    (23) if_stmt_closed -> . if_cond closed_stmt ELSE closed_stmt
    (27) for_stmt_open -> . for_header open_stmt
    (24) if_stmt_open -> . if_cond closed_stmt ELSE if_stmt_open
    (25) if_stmt_open -> . if_cond stmt
    (37) dowhile_stmt -> . DO stmt WHILE ( expr ) ;
    (36) while_stmt -> . WHILE ( expr ) stmt
    (47) expr -> . expr1
    (4) decl -> . decl_init
    (5) decl -> . ID : type_func ;
    (6) decl -> . ID : type_array_sized ;
    (7) decl -> . ID : type_simple ;
    (40) block_stmt -> . { stmt_list }
    (39) return_stmt -> . RETURN opt_expr ;
    (38) print_stmt -> . PRINT opt_expr_list ;
    (26) for_header -> . FOR ( opt_expr ; opt_expr ; opt_expr )
    (22) if_cond -> . IF ( opt_expr )
    (48) expr1 -> . expr2
    (49) expr1 -> . lval = expr1
    (8) decl_init -> . ID : type_func = { opt_stmt_list }
    (9) decl_init -> . ID : type_array_sized = { opt_expr_list } ;
    (10) decl_init -> . ID : type_simple = expr ;
    (52) expr2 -> . expr3
    (53) expr2 -> . expr2 LOR expr3
    (50) lval -> . ID array_index
    (51) lval -> . ID
    (54) expr3 -> . expr4
    (55) expr3 -> . expr3 LAND expr4
    (56) expr4 -> . expr5
    (57) expr4 -> . expr4 GE expr5
    (58) expr4 -> . expr4 > expr5
    (59) expr4 -> . expr4 LE expr5
    (60) expr4 -> . expr4 < expr5
    (61) expr4 -> . expr4 NE expr5
    (62) expr4 -> . expr4 EQ expr5
    (63) expr5 -> . expr6
    (64) expr5 -> . expr5 - expr6
    (65) expr5 -> . expr5 + expr6
    (66) expr6 -> . expr7
    (67) expr6 -> . expr6 % expr7
    (68) expr6 -> . expr6 / expr7
    (69) expr6 -> . expr6 * expr7
    (70) expr7 -> . expr8
    (71) expr7 -> . expr7 ^ expr8
    (72) expr8 -> . expr9
    (73) expr8 -> . NOT expr8
    (74) expr8 -> . - expr8
    (75) expr9 -> . group
    (76) expr9 -> . expr9 DEC
    (77) expr9 -> . expr9 INC
    (78) group -> . factor
    (79) group -> . ID array_index
    (80) group -> . ID ( opt_expr_list )
    (81) group -> . ( expr )
    (88) factor -> . FALSE
    (89) factor -> . TRUE
    (90) factor -> . STRING_LIT
    (91) factor -> . CHAR_LIT
    (92) factor -> . INT_LIT
    (93) factor -> . FLOAT_LIT
    (94) factor -> . ID
    DO              shift and go to state 84
    WHILE           shift and go to state 85
    ID              shift and go to state 62
    {               shift and go to state 63
    RETURN          shift and go to state 86
    PRINT           shift and go to state 87
    FOR             shift and go to state 88
    IF              shift and go to state 89
    NOT             shift and go to state 45
    -               shift and go to state 41
    (               shift and go to state 48
    FALSE           shift and go to state 49
    TRUE            shift and go to state 50
    STRING_LIT      shift and go to state 51
    CHAR_LIT        shift and go to state 52
    INT_LIT         shift and go to state 53
    FLOAT_LIT       shift and go to state 54

    stmt_list                      shift and go to state 128
    stmt                           shift and go to state 67
    closed_stmt                    shift and go to state 68
    open_stmt                      shift and go to state 69
    simple_stmt                    shift and go to state 70
    for_stmt_closed                shift and go to state 71
    if_stmt_closed                 shift and go to state 72
    for_stmt_open                  shift and go to state 73
    if_stmt_open                   shift and go to state 74
    dowhile_stmt                   shift and go to state 75
    while_stmt                     shift and go to state 76
    expr                           shift and go to state 77
    decl                           shift and go to state 78
    block_stmt                     shift and go to state 79
    return_stmt                    shift and go to state 80
    print_stmt                     shift and go to state 81
    for_header                     shift and go to state 82
    if_cond                        shift and go to state 83
    expr1                          shift and go to state 34
    decl_init                      shift and go to state 5
    expr2                          shift and go to state 35
    lval                           shift and go to state 36
    expr3                          shift and go to state 37
    expr4                          shift and go to state 38
    expr5                          shift and go to state 39
    expr6                          shift and go to state 40
    expr7                          shift and go to state 42
    expr8                          shift and go to state 43
    expr9                          shift and go to state 44
    group                          shift and go to state 46
    factor                         shift and go to state 47

state 64

    (8) decl_init -> ID : type_func = { opt_stmt_list . }
    }               shift and go to state 129


state 65

    (11) opt_stmt_list -> stmt_list .
    }               reduce using rule 11 (opt_stmt_list -> stmt_list .)


state 66

    (12) opt_stmt_list -> empty .
    }               reduce using rule 12 (opt_stmt_list -> empty .)


state 67

    (13) stmt_list -> stmt . stmt_list
    (14) stmt_list -> stmt .
    (13) stmt_list -> . stmt stmt_list
    (14) stmt_list -> . stmt
    (15) stmt -> . closed_stmt
    (16) stmt -> . open_stmt
    (17) closed_stmt -> . simple_stmt
    (18) closed_stmt -> . for_stmt_closed
    (19) closed_stmt -> . if_stmt_closed
    (20) open_stmt -> . for_stmt_open
    (21) open_stmt -> . if_stmt_open
    (29) simple_stmt -> . dowhile_stmt
    (30) simple_stmt -> . while_stmt
    (31) simple_stmt -> . expr ;
    (32) simple_stmt -> . decl
    (33) simple_stmt -> . block_stmt
    (34) simple_stmt -> . return_stmt
    (35) simple_stmt -> . print_stmt
    (28) for_stmt_closed -> . for_header closed_stmt
    (23) if_stmt_closed -> . if_cond closed_stmt ELSE closed_stmt
    (27) for_stmt_open -> . for_header open_stmt
    (24) if_stmt_open -> . if_cond closed_stmt ELSE if_stmt_open
    (25) if_stmt_open -> . if_cond stmt
    (37) dowhile_stmt -> . DO stmt WHILE ( expr ) ;
    (36) while_stmt -> . WHILE ( expr ) stmt
    (47) expr -> . expr1
    (4) decl -> . decl_init
    (5) decl -> . ID : type_func ;
    (6) decl -> . ID : type_array_sized ;
    (7) decl -> . ID : type_simple ;
    (40) block_stmt -> . { stmt_list }
    (39) return_stmt -> . RETURN opt_expr ;
    (38) print_stmt -> . PRINT opt_expr_list ;
    (26) for_header -> . FOR ( opt_expr ; opt_expr ; opt_expr )
    (22) if_cond -> . IF ( opt_expr )
    (48) expr1 -> . expr2
    (49) expr1 -> . lval = expr1
    (8) decl_init -> . ID : type_func = { opt_stmt_list }
    (9) decl_init -> . ID : type_array_sized = { opt_expr_list } ;
    (10) decl_init -> . ID : type_simple = expr ;
    (52) expr2 -> . expr3
    (53) expr2 -> . expr2 LOR expr3
    (50) lval -> . ID array_index
    (51) lval -> . ID
    (54) expr3 -> . expr4
    (55) expr3 -> . expr3 LAND expr4
    (56) expr4 -> . expr5
    (57) expr4 -> . expr4 GE expr5
    (58) expr4 -> . expr4 > expr5
    (59) expr4 -> . expr4 LE expr5
    (60) expr4 -> . expr4 < expr5
    (61) expr4 -> . expr4 NE expr5
    (62) expr4 -> . expr4 EQ expr5
    (63) expr5 -> . expr6
    (64) expr5 -> . expr5 - expr6
    (65) expr5 -> . expr5 + expr6
    (66) expr6 -> . expr7
    (67) expr6 -> . expr6 % expr7
    (68) expr6 -> . expr6 / expr7
    (69) expr6 -> . expr6 * expr7
    (70) expr7 -> . expr8
    (71) expr7 -> . expr7 ^ expr8
    (72) expr8 -> . expr9
    (73) expr8 -> . NOT expr8
    (74) expr8 -> . - expr8
    (75) expr9 -> . group
    (76) expr9 -> . expr9 DEC
    (77) expr9 -> . expr9 INC
    (78) group -> . factor
    (79) group -> . ID array_index
    (80) group -> . ID ( opt_expr_list )
    (81) group -> . ( expr )
    (88) factor -> . FALSE
    (89) factor -> . TRUE
    (90) factor -> . STRING_LIT
    (91) factor -> . CHAR_LIT
    (92) factor -> . INT_LIT
    (93) factor -> . FLOAT_LIT
    (94) factor -> . ID
    }               reduce using rule 14 (stmt_list -> stmt .)
    DO              shift and go to state 84
    WHILE           shift and go to state 85
    ID              shift and go to state 62
    {               shift and go to state 63
    RETURN          shift and go to state 86
    PRINT           shift and go to state 87
    FOR             shift and go to state 88
    IF              shift and go to state 89
    NOT             shift and go to state 45
    -               shift and go to state 41
    (               shift and go to state 48
    FALSE           shift and go to state 49
    TRUE            shift and go to state 50
    STRING_LIT      shift and go to state 51
    CHAR_LIT        shift and go to state 52
    INT_LIT         shift and go to state 53
    FLOAT_LIT       shift and go to state 54

    stmt                           shift and go to state 67
    stmt_list                      shift and go to state 130
    closed_stmt                    shift and go to state 68
    open_stmt                      shift and go to state 69
    simple_stmt                    shift and go to state 70
    for_stmt_closed                shift and go to state 71
    if_stmt_closed                 shift and go to state 72
    for_stmt_open                  shift and go to state 73
    if_stmt_open                   shift and go to state 74
    dowhile_stmt                   shift and go to state 75
    while_stmt                     shift and go to state 76
    expr                           shift and go to state 77
    decl                           shift and go to state 78
    block_stmt                     shift and go to state 79
    return_stmt                    shift and go to state 80
    print_stmt                     shift and go to state 81
    for_header                     shift and go to state 82
    if_cond                        shift and go to state 83
    expr1                          shift and go to state 34
    decl_init                      shift and go to state 5
    expr2                          shift and go to state 35
    lval                           shift and go to state 36
    expr3                          shift and go to state 37
    expr4                          shift and go to state 38
    expr5                          shift and go to state 39
    expr6                          shift and go to state 40
    expr7                          shift and go to state 42
    expr8                          shift and go to state 43
    expr9                          shift and go to state 44
    group                          shift and go to state 46
    factor                         shift and go to state 47

state 68

    (15) stmt -> closed_stmt .
    DO              reduce using rule 15 (stmt -> closed_stmt .)
    WHILE           reduce using rule 15 (stmt -> closed_stmt .)
    ID              reduce using rule 15 (stmt -> closed_stmt .)
    {               reduce using rule 15 (stmt -> closed_stmt .)
    RETURN          reduce using rule 15 (stmt -> closed_stmt .)
    PRINT           reduce using rule 15 (stmt -> closed_stmt .)
    FOR             reduce using rule 15 (stmt -> closed_stmt .)
    IF              reduce using rule 15 (stmt -> closed_stmt .)
    NOT             reduce using rule 15 (stmt -> closed_stmt .)
    -               reduce using rule 15 (stmt -> closed_stmt .)
    (               reduce using rule 15 (stmt -> closed_stmt .)
    FALSE           reduce using rule 15 (stmt -> closed_stmt .)
    TRUE            reduce using rule 15 (stmt -> closed_stmt .)
    STRING_LIT      reduce using rule 15 (stmt -> closed_stmt .)
    CHAR_LIT        reduce using rule 15 (stmt -> closed_stmt .)
    INT_LIT         reduce using rule 15 (stmt -> closed_stmt .)
    FLOAT_LIT       reduce using rule 15 (stmt -> closed_stmt .)
    }               reduce using rule 15 (stmt -> closed_stmt .)
    ELSE            reduce using rule 15 (stmt -> closed_stmt .)


state 69

    (16) stmt -> open_stmt .
    DO              reduce using rule 16 (stmt -> open_stmt .)
    WHILE           reduce using rule 16 (stmt -> open_stmt .)
    ID              reduce using rule 16 (stmt -> open_stmt .)
    {               reduce using rule 16 (stmt -> open_stmt .)
    RETURN          reduce using rule 16 (stmt -> open_stmt .)
    PRINT           reduce using rule 16 (stmt -> open_stmt .)
    FOR             reduce using rule 16 (stmt -> open_stmt .)
    IF              reduce using rule 16 (stmt -> open_stmt .)
    NOT             reduce using rule 16 (stmt -> open_stmt .)
    -               reduce using rule 16 (stmt -> open_stmt .)
    (               reduce using rule 16 (stmt -> open_stmt .)
    FALSE           reduce using rule 16 (stmt -> open_stmt .)
    TRUE            reduce using rule 16 (stmt -> open_stmt .)
    STRING_LIT      reduce using rule 16 (stmt -> open_stmt .)
    CHAR_LIT        reduce using rule 16 (stmt -> open_stmt .)
    INT_LIT         reduce using rule 16 (stmt -> open_stmt .)
    FLOAT_LIT       reduce using rule 16 (stmt -> open_stmt .)
    }               reduce using rule 16 (stmt -> open_stmt .)
    ELSE            reduce using rule 16 (stmt -> open_stmt .)


state 70

    (17) closed_stmt -> simple_stmt .
    DO              reduce using rule 17 (closed_stmt -> simple_stmt .)
    WHILE           reduce using rule 17 (closed_stmt -> simple_stmt .)
    ID              reduce using rule 17 (closed_stmt -> simple_stmt .)
    {               reduce using rule 17 (closed_stmt -> simple_stmt .)
    RETURN          reduce using rule 17 (closed_stmt -> simple_stmt .)
    PRINT           reduce using rule 17 (closed_stmt -> simple_stmt .)
    FOR             reduce using rule 17 (closed_stmt -> simple_stmt .)
    IF              reduce using rule 17 (closed_stmt -> simple_stmt .)
    NOT             reduce using rule 17 (closed_stmt -> simple_stmt .)
    -               reduce using rule 17 (closed_stmt -> simple_stmt .)
    (               reduce using rule 17 (closed_stmt -> simple_stmt .)
    FALSE           reduce using rule 17 (closed_stmt -> simple_stmt .)
    TRUE            reduce using rule 17 (closed_stmt -> simple_stmt .)
    STRING_LIT      reduce using rule 17 (closed_stmt -> simple_stmt .)
    CHAR_LIT        reduce using rule 17 (closed_stmt -> simple_stmt .)
    INT_LIT         reduce using rule 17 (closed_stmt -> simple_stmt .)
    FLOAT_LIT       reduce using rule 17 (closed_stmt -> simple_stmt .)
    }               reduce using rule 17 (closed_stmt -> simple_stmt .)
    ELSE            reduce using rule 17 (closed_stmt -> simple_stmt .)


state 71

    (18) closed_stmt -> for_stmt_closed .
    DO              reduce using rule 18 (closed_stmt -> for_stmt_closed .)
    WHILE           reduce using rule 18 (closed_stmt -> for_stmt_closed .)
    ID              reduce using rule 18 (closed_stmt -> for_stmt_closed .)
    {               reduce using rule 18 (closed_stmt -> for_stmt_closed .)
    RETURN          reduce using rule 18 (closed_stmt -> for_stmt_closed .)
    PRINT           reduce using rule 18 (closed_stmt -> for_stmt_closed .)
    FOR             reduce using rule 18 (closed_stmt -> for_stmt_closed .)
    IF              reduce using rule 18 (closed_stmt -> for_stmt_closed .)
    NOT             reduce using rule 18 (closed_stmt -> for_stmt_closed .)
    -               reduce using rule 18 (closed_stmt -> for_stmt_closed .)
    (               reduce using rule 18 (closed_stmt -> for_stmt_closed .)
    FALSE           reduce using rule 18 (closed_stmt -> for_stmt_closed .)
    TRUE            reduce using rule 18 (closed_stmt -> for_stmt_closed .)
    STRING_LIT      reduce using rule 18 (closed_stmt -> for_stmt_closed .)
    CHAR_LIT        reduce using rule 18 (closed_stmt -> for_stmt_closed .)
    INT_LIT         reduce using rule 18 (closed_stmt -> for_stmt_closed .)
    FLOAT_LIT       reduce using rule 18 (closed_stmt -> for_stmt_closed .)
    }               reduce using rule 18 (closed_stmt -> for_stmt_closed .)
    ELSE            reduce using rule 18 (closed_stmt -> for_stmt_closed .)


state 72

    (19) closed_stmt -> if_stmt_closed .
    DO              reduce using rule 19 (closed_stmt -> if_stmt_closed .)
    WHILE           reduce using rule 19 (closed_stmt -> if_stmt_closed .)
    ID              reduce using rule 19 (closed_stmt -> if_stmt_closed .)
    {               reduce using rule 19 (closed_stmt -> if_stmt_closed .)
    RETURN          reduce using rule 19 (closed_stmt -> if_stmt_closed .)
    PRINT           reduce using rule 19 (closed_stmt -> if_stmt_closed .)
    FOR             reduce using rule 19 (closed_stmt -> if_stmt_closed .)
    IF              reduce using rule 19 (closed_stmt -> if_stmt_closed .)
    NOT             reduce using rule 19 (closed_stmt -> if_stmt_closed .)
    -               reduce using rule 19 (closed_stmt -> if_stmt_closed .)
    (               reduce using rule 19 (closed_stmt -> if_stmt_closed .)
    FALSE           reduce using rule 19 (closed_stmt -> if_stmt_closed .)
    TRUE            reduce using rule 19 (closed_stmt -> if_stmt_closed .)
    STRING_LIT      reduce using rule 19 (closed_stmt -> if_stmt_closed .)
    CHAR_LIT        reduce using rule 19 (closed_stmt -> if_stmt_closed .)
    INT_LIT         reduce using rule 19 (closed_stmt -> if_stmt_closed .)
    FLOAT_LIT       reduce using rule 19 (closed_stmt -> if_stmt_closed .)
    }               reduce using rule 19 (closed_stmt -> if_stmt_closed .)
    ELSE            reduce using rule 19 (closed_stmt -> if_stmt_closed .)


state 73

    (20) open_stmt -> for_stmt_open .
    DO              reduce using rule 20 (open_stmt -> for_stmt_open .)
    WHILE           reduce using rule 20 (open_stmt -> for_stmt_open .)
    ID              reduce using rule 20 (open_stmt -> for_stmt_open .)
    {               reduce using rule 20 (open_stmt -> for_stmt_open .)
    RETURN          reduce using rule 20 (open_stmt -> for_stmt_open .)
    PRINT           reduce using rule 20 (open_stmt -> for_stmt_open .)
    FOR             reduce using rule 20 (open_stmt -> for_stmt_open .)
    IF              reduce using rule 20 (open_stmt -> for_stmt_open .)
    NOT             reduce using rule 20 (open_stmt -> for_stmt_open .)
    -               reduce using rule 20 (open_stmt -> for_stmt_open .)
    (               reduce using rule 20 (open_stmt -> for_stmt_open .)
    FALSE           reduce using rule 20 (open_stmt -> for_stmt_open .)
    TRUE            reduce using rule 20 (open_stmt -> for_stmt_open .)
    STRING_LIT      reduce using rule 20 (open_stmt -> for_stmt_open .)
    CHAR_LIT        reduce using rule 20 (open_stmt -> for_stmt_open .)
    INT_LIT         reduce using rule 20 (open_stmt -> for_stmt_open .)
    FLOAT_LIT       reduce using rule 20 (open_stmt -> for_stmt_open .)
    }               reduce using rule 20 (open_stmt -> for_stmt_open .)
    ELSE            reduce using rule 20 (open_stmt -> for_stmt_open .)


state 74

    (21) open_stmt -> if_stmt_open .
    DO              reduce using rule 21 (open_stmt -> if_stmt_open .)
    WHILE           reduce using rule 21 (open_stmt -> if_stmt_open .)
    ID              reduce using rule 21 (open_stmt -> if_stmt_open .)
    {               reduce using rule 21 (open_stmt -> if_stmt_open .)
    RETURN          reduce using rule 21 (open_stmt -> if_stmt_open .)
    PRINT           reduce using rule 21 (open_stmt -> if_stmt_open .)
    FOR             reduce using rule 21 (open_stmt -> if_stmt_open .)
    IF              reduce using rule 21 (open_stmt -> if_stmt_open .)
    NOT             reduce using rule 21 (open_stmt -> if_stmt_open .)
    -               reduce using rule 21 (open_stmt -> if_stmt_open .)
    (               reduce using rule 21 (open_stmt -> if_stmt_open .)
    FALSE           reduce using rule 21 (open_stmt -> if_stmt_open .)
    TRUE            reduce using rule 21 (open_stmt -> if_stmt_open .)
    STRING_LIT      reduce using rule 21 (open_stmt -> if_stmt_open .)
    CHAR_LIT        reduce using rule 21 (open_stmt -> if_stmt_open .)
    INT_LIT         reduce using rule 21 (open_stmt -> if_stmt_open .)
    FLOAT_LIT       reduce using rule 21 (open_stmt -> if_stmt_open .)
    }               reduce using rule 21 (open_stmt -> if_stmt_open .)
    ELSE            reduce using rule 21 (open_stmt -> if_stmt_open .)


state 75

    (29) simple_stmt -> dowhile_stmt .
    DO              reduce using rule 29 (simple_stmt -> dowhile_stmt .)
    WHILE           reduce using rule 29 (simple_stmt -> dowhile_stmt .)
    ID              reduce using rule 29 (simple_stmt -> dowhile_stmt .)
    {               reduce using rule 29 (simple_stmt -> dowhile_stmt .)
    RETURN          reduce using rule 29 (simple_stmt -> dowhile_stmt .)
    PRINT           reduce using rule 29 (simple_stmt -> dowhile_stmt .)
    FOR             reduce using rule 29 (simple_stmt -> dowhile_stmt .)
    IF              reduce using rule 29 (simple_stmt -> dowhile_stmt .)
    NOT             reduce using rule 29 (simple_stmt -> dowhile_stmt .)
    -               reduce using rule 29 (simple_stmt -> dowhile_stmt .)
    (               reduce using rule 29 (simple_stmt -> dowhile_stmt .)
    FALSE           reduce using rule 29 (simple_stmt -> dowhile_stmt .)
    TRUE            reduce using rule 29 (simple_stmt -> dowhile_stmt .)
    STRING_LIT      reduce using rule 29 (simple_stmt -> dowhile_stmt .)
    CHAR_LIT        reduce using rule 29 (simple_stmt -> dowhile_stmt .)
    INT_LIT         reduce using rule 29 (simple_stmt -> dowhile_stmt .)
    FLOAT_LIT       reduce using rule 29 (simple_stmt -> dowhile_stmt .)
    }               reduce using rule 29 (simple_stmt -> dowhile_stmt .)
    ELSE            reduce using rule 29 (simple_stmt -> dowhile_stmt .)


state 76

    (30) simple_stmt -> while_stmt .
    DO              reduce using rule 30 (simple_stmt -> while_stmt .)
    WHILE           reduce using rule 30 (simple_stmt -> while_stmt .)
    ID              reduce using rule 30 (simple_stmt -> while_stmt .)
    {               reduce using rule 30 (simple_stmt -> while_stmt .)
    RETURN          reduce using rule 30 (simple_stmt -> while_stmt .)
    PRINT           reduce using rule 30 (simple_stmt -> while_stmt .)
    FOR             reduce using rule 30 (simple_stmt -> while_stmt .)
    IF              reduce using rule 30 (simple_stmt -> while_stmt .)
    NOT             reduce using rule 30 (simple_stmt -> while_stmt .)
    -               reduce using rule 30 (simple_stmt -> while_stmt .)
    (               reduce using rule 30 (simple_stmt -> while_stmt .)
    FALSE           reduce using rule 30 (simple_stmt -> while_stmt .)
    TRUE            reduce using rule 30 (simple_stmt -> while_stmt .)
    STRING_LIT      reduce using rule 30 (simple_stmt -> while_stmt .)
    CHAR_LIT        reduce using rule 30 (simple_stmt -> while_stmt .)
    INT_LIT         reduce using rule 30 (simple_stmt -> while_stmt .)
    FLOAT_LIT       reduce using rule 30 (simple_stmt -> while_stmt .)
    }               reduce using rule 30 (simple_stmt -> while_stmt .)
    ELSE            reduce using rule 30 (simple_stmt -> while_stmt .)


state 77

    (31) simple_stmt -> expr . ;
    ;               shift and go to state 131


state 78

    (32) simple_stmt -> decl .
    DO              reduce using rule 32 (simple_stmt -> decl .)
    WHILE           reduce using rule 32 (simple_stmt -> decl .)
    ID              reduce using rule 32 (simple_stmt -> decl .)
    {               reduce using rule 32 (simple_stmt -> decl .)
    RETURN          reduce using rule 32 (simple_stmt -> decl .)
    PRINT           reduce using rule 32 (simple_stmt -> decl .)
    FOR             reduce using rule 32 (simple_stmt -> decl .)
    IF              reduce using rule 32 (simple_stmt -> decl .)
    NOT             reduce using rule 32 (simple_stmt -> decl .)
    -               reduce using rule 32 (simple_stmt -> decl .)
    (               reduce using rule 32 (simple_stmt -> decl .)
    FALSE           reduce using rule 32 (simple_stmt -> decl .)
    TRUE            reduce using rule 32 (simple_stmt -> decl .)
    STRING_LIT      reduce using rule 32 (simple_stmt -> decl .)
    CHAR_LIT        reduce using rule 32 (simple_stmt -> decl .)
    INT_LIT         reduce using rule 32 (simple_stmt -> decl .)
    FLOAT_LIT       reduce using rule 32 (simple_stmt -> decl .)
    }               reduce using rule 32 (simple_stmt -> decl .)
    ELSE            reduce using rule 32 (simple_stmt -> decl .)


state 79

    (33) simple_stmt -> block_stmt .
    DO              reduce using rule 33 (simple_stmt -> block_stmt .)
    WHILE           reduce using rule 33 (simple_stmt -> block_stmt .)
    ID              reduce using rule 33 (simple_stmt -> block_stmt .)
    {               reduce using rule 33 (simple_stmt -> block_stmt .)
    RETURN          reduce using rule 33 (simple_stmt -> block_stmt .)
    PRINT           reduce using rule 33 (simple_stmt -> block_stmt .)
    FOR             reduce using rule 33 (simple_stmt -> block_stmt .)
    IF              reduce using rule 33 (simple_stmt -> block_stmt .)
    NOT             reduce using rule 33 (simple_stmt -> block_stmt .)
    -               reduce using rule 33 (simple_stmt -> block_stmt .)
    (               reduce using rule 33 (simple_stmt -> block_stmt .)
    FALSE           reduce using rule 33 (simple_stmt -> block_stmt .)
    TRUE            reduce using rule 33 (simple_stmt -> block_stmt .)
    STRING_LIT      reduce using rule 33 (simple_stmt -> block_stmt .)
    CHAR_LIT        reduce using rule 33 (simple_stmt -> block_stmt .)
    INT_LIT         reduce using rule 33 (simple_stmt -> block_stmt .)
    FLOAT_LIT       reduce using rule 33 (simple_stmt -> block_stmt .)
    }               reduce using rule 33 (simple_stmt -> block_stmt .)
    ELSE            reduce using rule 33 (simple_stmt -> block_stmt .)


state 80

    (34) simple_stmt -> return_stmt .
    DO              reduce using rule 34 (simple_stmt -> return_stmt .)
    WHILE           reduce using rule 34 (simple_stmt -> return_stmt .)
    ID              reduce using rule 34 (simple_stmt -> return_stmt .)
    {               reduce using rule 34 (simple_stmt -> return_stmt .)
    RETURN          reduce using rule 34 (simple_stmt -> return_stmt .)
    PRINT           reduce using rule 34 (simple_stmt -> return_stmt .)
    FOR             reduce using rule 34 (simple_stmt -> return_stmt .)
    IF              reduce using rule 34 (simple_stmt -> return_stmt .)
    NOT             reduce using rule 34 (simple_stmt -> return_stmt .)
    -               reduce using rule 34 (simple_stmt -> return_stmt .)
    (               reduce using rule 34 (simple_stmt -> return_stmt .)
    FALSE           reduce using rule 34 (simple_stmt -> return_stmt .)
    TRUE            reduce using rule 34 (simple_stmt -> return_stmt .)
    STRING_LIT      reduce using rule 34 (simple_stmt -> return_stmt .)
    CHAR_LIT        reduce using rule 34 (simple_stmt -> return_stmt .)
    INT_LIT         reduce using rule 34 (simple_stmt -> return_stmt .)
    FLOAT_LIT       reduce using rule 34 (simple_stmt -> return_stmt .)
    }               reduce using rule 34 (simple_stmt -> return_stmt .)
    ELSE            reduce using rule 34 (simple_stmt -> return_stmt .)


state 81

    (35) simple_stmt -> print_stmt .
    DO              reduce using rule 35 (simple_stmt -> print_stmt .)
    WHILE           reduce using rule 35 (simple_stmt -> print_stmt .)
    ID              reduce using rule 35 (simple_stmt -> print_stmt .)
    {               reduce using rule 35 (simple_stmt -> print_stmt .)
    RETURN          reduce using rule 35 (simple_stmt -> print_stmt .)
    PRINT           reduce using rule 35 (simple_stmt -> print_stmt .)
    FOR             reduce using rule 35 (simple_stmt -> print_stmt .)
    IF              reduce using rule 35 (simple_stmt -> print_stmt .)
    NOT             reduce using rule 35 (simple_stmt -> print_stmt .)
    -               reduce using rule 35 (simple_stmt -> print_stmt .)
    (               reduce using rule 35 (simple_stmt -> print_stmt .)
    FALSE           reduce using rule 35 (simple_stmt -> print_stmt .)
    TRUE            reduce using rule 35 (simple_stmt -> print_stmt .)
    STRING_LIT      reduce using rule 35 (simple_stmt -> print_stmt .)
    CHAR_LIT        reduce using rule 35 (simple_stmt -> print_stmt .)
    INT_LIT         reduce using rule 35 (simple_stmt -> print_stmt .)
    FLOAT_LIT       reduce using rule 35 (simple_stmt -> print_stmt .)
    }               reduce using rule 35 (simple_stmt -> print_stmt .)
    ELSE            reduce using rule 35 (simple_stmt -> print_stmt .)


state 82

    (28) for_stmt_closed -> for_header . closed_stmt
    (27) for_stmt_open -> for_header . open_stmt
    (17) closed_stmt -> . simple_stmt
    (18) closed_stmt -> . for_stmt_closed
    (19) closed_stmt -> . if_stmt_closed
    (20) open_stmt -> . for_stmt_open
    (21) open_stmt -> . if_stmt_open
    (29) simple_stmt -> . dowhile_stmt
    (30) simple_stmt -> . while_stmt
    (31) simple_stmt -> . expr ;
    (32) simple_stmt -> . decl
    (33) simple_stmt -> . block_stmt
    (34) simple_stmt -> . return_stmt
    (35) simple_stmt -> . print_stmt
    (28) for_stmt_closed -> . for_header closed_stmt
    (23) if_stmt_closed -> . if_cond closed_stmt ELSE closed_stmt
    (27) for_stmt_open -> . for_header open_stmt
    (24) if_stmt_open -> . if_cond closed_stmt ELSE if_stmt_open
    (25) if_stmt_open -> . if_cond stmt
    (37) dowhile_stmt -> . DO stmt WHILE ( expr ) ;
    (36) while_stmt -> . WHILE ( expr ) stmt
    (47) expr -> . expr1
    (4) decl -> . decl_init
    (5) decl -> . ID : type_func ;
    (6) decl -> . ID : type_array_sized ;
    (7) decl -> . ID : type_simple ;
    (40) block_stmt -> . { stmt_list }
    (39) return_stmt -> . RETURN opt_expr ;
    (38) print_stmt -> . PRINT opt_expr_list ;
    (26) for_header -> . FOR ( opt_expr ; opt_expr ; opt_expr )
    (22) if_cond -> . IF ( opt_expr )
    (48) expr1 -> . expr2
    (49) expr1 -> . lval = expr1
    (8) decl_init -> . ID : type_func = { opt_stmt_list }
    (9) decl_init -> . ID : type_array_sized = { opt_expr_list } ;
    (10) decl_init -> . ID : type_simple = expr ;
    (52) expr2 -> . expr3
    (53) expr2 -> . expr2 LOR expr3
    (50) lval -> . ID array_index
    (51) lval -> . ID
    (54) expr3 -> . expr4
    (55) expr3 -> . expr3 LAND expr4
    (56) expr4 -> . expr5
    (57) expr4 -> . expr4 GE expr5
    (58) expr4 -> . expr4 > expr5
    (59) expr4 -> . expr4 LE expr5
    (60) expr4 -> . expr4 < expr5
    (61) expr4 -> . expr4 NE expr5
    (62) expr4 -> . expr4 EQ expr5
    (63) expr5 -> . expr6
    (64) expr5 -> . expr5 - expr6
    (65) expr5 -> . expr5 + expr6
    (66) expr6 -> . expr7
    (67) expr6 -> . expr6 % expr7
    (68) expr6 -> . expr6 / expr7
    (69) expr6 -> . expr6 * expr7
    (70) expr7 -> . expr8
    (71) expr7 -> . expr7 ^ expr8
    (72) expr8 -> . expr9
    (73) expr8 -> . NOT expr8
    (74) expr8 -> . - expr8
    (75) expr9 -> . group
    (76) expr9 -> . expr9 DEC
    (77) expr9 -> . expr9 INC
    (78) group -> . factor
    (79) group -> . ID array_index
    (80) group -> . ID ( opt_expr_list )
    (81) group -> . ( expr )
    (88) factor -> . FALSE
    (89) factor -> . TRUE
    (90) factor -> . STRING_LIT
    (91) factor -> . CHAR_LIT
    (92) factor -> . INT_LIT
    (93) factor -> . FLOAT_LIT
    (94) factor -> . ID
    DO              shift and go to state 84
    WHILE           shift and go to state 85
    ID              shift and go to state 62
    {               shift and go to state 63
    RETURN          shift and go to state 86
    PRINT           shift and go to state 87
    FOR             shift and go to state 88
    IF              shift and go to state 89
    NOT             shift and go to state 45
    -               shift and go to state 41
    (               shift and go to state 48
    FALSE           shift and go to state 49
    TRUE            shift and go to state 50
    STRING_LIT      shift and go to state 51
    CHAR_LIT        shift and go to state 52
    INT_LIT         shift and go to state 53
    FLOAT_LIT       shift and go to state 54

    for_header                     shift and go to state 82
    closed_stmt                    shift and go to state 132
    open_stmt                      shift and go to state 133
    simple_stmt                    shift and go to state 70
    for_stmt_closed                shift and go to state 71
    if_stmt_closed                 shift and go to state 72
    for_stmt_open                  shift and go to state 73
    if_stmt_open                   shift and go to state 74
    dowhile_stmt                   shift and go to state 75
    while_stmt                     shift and go to state 76
    expr                           shift and go to state 77
    decl                           shift and go to state 78
    block_stmt                     shift and go to state 79
    return_stmt                    shift and go to state 80
    print_stmt                     shift and go to state 81
    if_cond                        shift and go to state 83
    expr1                          shift and go to state 34
    decl_init                      shift and go to state 5
    expr2                          shift and go to state 35
    lval                           shift and go to state 36
    expr3                          shift and go to state 37
    expr4                          shift and go to state 38
    expr5                          shift and go to state 39
    expr6                          shift and go to state 40
    expr7                          shift and go to state 42
    expr8                          shift and go to state 43
    expr9                          shift and go to state 44
    group                          shift and go to state 46
    factor                         shift and go to state 47

state 83

    (23) if_stmt_closed -> if_cond . closed_stmt ELSE closed_stmt
    (24) if_stmt_open -> if_cond . closed_stmt ELSE if_stmt_open
    (25) if_stmt_open -> if_cond . stmt
    (17) closed_stmt -> . simple_stmt
    (18) closed_stmt -> . for_stmt_closed
    (19) closed_stmt -> . if_stmt_closed
    (15) stmt -> . closed_stmt
    (16) stmt -> . open_stmt
    (29) simple_stmt -> . dowhile_stmt
    (30) simple_stmt -> . while_stmt
    (31) simple_stmt -> . expr ;
    (32) simple_stmt -> . decl
    (33) simple_stmt -> . block_stmt
    (34) simple_stmt -> . return_stmt
    (35) simple_stmt -> . print_stmt
    (28) for_stmt_closed -> . for_header closed_stmt
    (23) if_stmt_closed -> . if_cond closed_stmt ELSE closed_stmt
    (20) open_stmt -> . for_stmt_open
    (21) open_stmt -> . if_stmt_open
    (37) dowhile_stmt -> . DO stmt WHILE ( expr ) ;
    (36) while_stmt -> . WHILE ( expr ) stmt
    (47) expr -> . expr1
    (4) decl -> . decl_init
    (5) decl -> . ID : type_func ;
    (6) decl -> . ID : type_array_sized ;
    (7) decl -> . ID : type_simple ;
    (40) block_stmt -> . { stmt_list }
    (39) return_stmt -> . RETURN opt_expr ;
    (38) print_stmt -> . PRINT opt_expr_list ;
    (26) for_header -> . FOR ( opt_expr ; opt_expr ; opt_expr )
    (22) if_cond -> . IF ( opt_expr )
    (27) for_stmt_open -> . for_header open_stmt
    (24) if_stmt_open -> . if_cond closed_stmt ELSE if_stmt_open
    (25) if_stmt_open -> . if_cond stmt
    (48) expr1 -> . expr2
    (49) expr1 -> . lval = expr1
    (8) decl_init -> . ID : type_func = { opt_stmt_list }
    (9) decl_init -> . ID : type_array_sized = { opt_expr_list } ;
    (10) decl_init -> . ID : type_simple = expr ;
    (52) expr2 -> . expr3
    (53) expr2 -> . expr2 LOR expr3
    (50) lval -> . ID array_index
    (51) lval -> . ID
    (54) expr3 -> . expr4
    (55) expr3 -> . expr3 LAND expr4
    (56) expr4 -> . expr5
    (57) expr4 -> . expr4 GE expr5
    (58) expr4 -> . expr4 > expr5
    (59) expr4 -> . expr4 LE expr5
    (60) expr4 -> . expr4 < expr5
    (61) expr4 -> . expr4 NE expr5
    (62) expr4 -> . expr4 EQ expr5
    (63) expr5 -> . expr6
    (64) expr5 -> . expr5 - expr6
    (65) expr5 -> . expr5 + expr6
    (66) expr6 -> . expr7
    (67) expr6 -> . expr6 % expr7
    (68) expr6 -> . expr6 / expr7
    (69) expr6 -> . expr6 * expr7
    (70) expr7 -> . expr8
    (71) expr7 -> . expr7 ^ expr8
    (72) expr8 -> . expr9
    (73) expr8 -> . NOT expr8
    (74) expr8 -> . - expr8
    (75) expr9 -> . group
    (76) expr9 -> . expr9 DEC
    (77) expr9 -> . expr9 INC
    (78) group -> . factor
    (79) group -> . ID array_index
    (80) group -> . ID ( opt_expr_list )
    (81) group -> . ( expr )
    (88) factor -> . FALSE
    (89) factor -> . TRUE
    (90) factor -> . STRING_LIT
    (91) factor -> . CHAR_LIT
    (92) factor -> . INT_LIT
    (93) factor -> . FLOAT_LIT
    (94) factor -> . ID
    DO              shift and go to state 84
    WHILE           shift and go to state 85
    ID              shift and go to state 62
    {               shift and go to state 63
    RETURN          shift and go to state 86
    PRINT           shift and go to state 87
    FOR             shift and go to state 88
    IF              shift and go to state 89
    NOT             shift and go to state 45
    -               shift and go to state 41
    (               shift and go to state 48
    FALSE           shift and go to state 49
    TRUE            shift and go to state 50
    STRING_LIT      shift and go to state 51
    CHAR_LIT        shift and go to state 52
    INT_LIT         shift and go to state 53
    FLOAT_LIT       shift and go to state 54

    if_cond                        shift and go to state 83
    closed_stmt                    shift and go to state 134
    if_stmt_open                   shift and go to state 74
    stmt                           shift and go to state 135
    simple_stmt                    shift and go to state 70
    for_stmt_closed                shift and go to state 71
    if_stmt_closed                 shift and go to state 72
    open_stmt                      shift and go to state 69
    dowhile_stmt                   shift and go to state 75
    while_stmt                     shift and go to state 76
    expr                           shift and go to state 77
    decl                           shift and go to state 78
    block_stmt                     shift and go to state 79
    return_stmt                    shift and go to state 80
    print_stmt                     shift and go to state 81
    for_header                     shift and go to state 82
    for_stmt_open                  shift and go to state 73
    expr1                          shift and go to state 34
    decl_init                      shift and go to state 5
    expr2                          shift and go to state 35
    lval                           shift and go to state 36
    expr3                          shift and go to state 37
    expr4                          shift and go to state 38
    expr5                          shift and go to state 39
    expr6                          shift and go to state 40
    expr7                          shift and go to state 42
    expr8                          shift and go to state 43
    expr9                          shift and go to state 44
    group                          shift and go to state 46
    factor                         shift and go to state 47

state 84

    (37) dowhile_stmt -> DO . stmt WHILE ( expr ) ;
    (15) stmt -> . closed_stmt
    (16) stmt -> . open_stmt
    (17) closed_stmt -> . simple_stmt
    (18) closed_stmt -> . for_stmt_closed
    (19) closed_stmt -> . if_stmt_closed
    (20) open_stmt -> . for_stmt_open
    (21) open_stmt -> . if_stmt_open
    (29) simple_stmt -> . dowhile_stmt
    (30) simple_stmt -> . while_stmt
    (31) simple_stmt -> . expr ;
    (32) simple_stmt -> . decl
    (33) simple_stmt -> . block_stmt
    (34) simple_stmt -> . return_stmt
    (35) simple_stmt -> . print_stmt
    (28) for_stmt_closed -> . for_header closed_stmt
    (23) if_stmt_closed -> . if_cond closed_stmt ELSE closed_stmt
    (27) for_stmt_open -> . for_header open_stmt
    (24) if_stmt_open -> . if_cond closed_stmt ELSE if_stmt_open
    (25) if_stmt_open -> . if_cond stmt
    (37) dowhile_stmt -> . DO stmt WHILE ( expr ) ;
    (36) while_stmt -> . WHILE ( expr ) stmt
    (47) expr -> . expr1
    (4) decl -> . decl_init
    (5) decl -> . ID : type_func ;
    (6) decl -> . ID : type_array_sized ;
    (7) decl -> . ID : type_simple ;
    (40) block_stmt -> . { stmt_list }
    (39) return_stmt -> . RETURN opt_expr ;
    (38) print_stmt -> . PRINT opt_expr_list ;
    (26) for_header -> . FOR ( opt_expr ; opt_expr ; opt_expr )
    (22) if_cond -> . IF ( opt_expr )
    (48) expr1 -> . expr2
    (49) expr1 -> . lval = expr1
    (8) decl_init -> . ID : type_func = { opt_stmt_list }
    (9) decl_init -> . ID : type_array_sized = { opt_expr_list } ;
    (10) decl_init -> . ID : type_simple = expr ;
    (52) expr2 -> . expr3
    (53) expr2 -> . expr2 LOR expr3
    (50) lval -> . ID array_index
    (51) lval -> . ID
    (54) expr3 -> . expr4
    (55) expr3 -> . expr3 LAND expr4
    (56) expr4 -> . expr5
    (57) expr4 -> . expr4 GE expr5
    (58) expr4 -> . expr4 > expr5
    (59) expr4 -> . expr4 LE expr5
    (60) expr4 -> . expr4 < expr5
    (61) expr4 -> . expr4 NE expr5
    (62) expr4 -> . expr4 EQ expr5
    (63) expr5 -> . expr6
    (64) expr5 -> . expr5 - expr6
    (65) expr5 -> . expr5 + expr6
    (66) expr6 -> . expr7
    (67) expr6 -> . expr6 % expr7
    (68) expr6 -> . expr6 / expr7
    (69) expr6 -> . expr6 * expr7
    (70) expr7 -> . expr8
    (71) expr7 -> . expr7 ^ expr8
    (72) expr8 -> . expr9
    (73) expr8 -> . NOT expr8
    (74) expr8 -> . - expr8
    (75) expr9 -> . group
    (76) expr9 -> . expr9 DEC
    (77) expr9 -> . expr9 INC
    (78) group -> . factor
    (79) group -> . ID array_index
    (80) group -> . ID ( opt_expr_list )
    (81) group -> . ( expr )
    (88) factor -> . FALSE
    (89) factor -> . TRUE
    (90) factor -> . STRING_LIT
    (91) factor -> . CHAR_LIT
    (92) factor -> . INT_LIT
    (93) factor -> . FLOAT_LIT
    (94) factor -> . ID
    DO              shift and go to state 84
    WHILE           shift and go to state 85
    ID              shift and go to state 62
    {               shift and go to state 63
    RETURN          shift and go to state 86
    PRINT           shift and go to state 87
    FOR             shift and go to state 88
    IF              shift and go to state 89
    NOT             shift and go to state 45
    -               shift and go to state 41
    (               shift and go to state 48
    FALSE           shift and go to state 49
    TRUE            shift and go to state 50
    STRING_LIT      shift and go to state 51
    CHAR_LIT        shift and go to state 52
    INT_LIT         shift and go to state 53
    FLOAT_LIT       shift and go to state 54

    stmt                           shift and go to state 136
    expr                           shift and go to state 77
    closed_stmt                    shift and go to state 68
    open_stmt                      shift and go to state 69
    simple_stmt                    shift and go to state 70
    for_stmt_closed                shift and go to state 71
    if_stmt_closed                 shift and go to state 72
    for_stmt_open                  shift and go to state 73
    if_stmt_open                   shift and go to state 74
    dowhile_stmt                   shift and go to state 75
    while_stmt                     shift and go to state 76
    decl                           shift and go to state 78
    block_stmt                     shift and go to state 79
    return_stmt                    shift and go to state 80
    print_stmt                     shift and go to state 81
    for_header                     shift and go to state 82
    if_cond                        shift and go to state 83
    expr1                          shift and go to state 34
    decl_init                      shift and go to state 5
    expr2                          shift and go to state 35
    lval                           shift and go to state 36
    expr3                          shift and go to state 37
    expr4                          shift and go to state 38
    expr5                          shift and go to state 39
    expr6                          shift and go to state 40
    expr7                          shift and go to state 42
    expr8                          shift and go to state 43
    expr9                          shift and go to state 44
    group                          shift and go to state 46
    factor                         shift and go to state 47

state 85

    (36) while_stmt -> WHILE . ( expr ) stmt
    (               shift and go to state 137


state 86

    (39) return_stmt -> RETURN . opt_expr ;
    (45) opt_expr -> . expr
    (46) opt_expr -> . empty
    (47) expr -> . expr1
    (114) empty -> .
    (48) expr1 -> . expr2
    (49) expr1 -> . lval = expr1
    (52) expr2 -> . expr3
    (53) expr2 -> . expr2 LOR expr3
    (50) lval -> . ID array_index
    (51) lval -> . ID
    (54) expr3 -> . expr4
    (55) expr3 -> . expr3 LAND expr4
    (56) expr4 -> . expr5
    (57) expr4 -> . expr4 GE expr5
    (58) expr4 -> . expr4 > expr5
    (59) expr4 -> . expr4 LE expr5
    (60) expr4 -> . expr4 < expr5
    (61) expr4 -> . expr4 NE expr5
    (62) expr4 -> . expr4 EQ expr5
    (63) expr5 -> . expr6
    (64) expr5 -> . expr5 - expr6
    (65) expr5 -> . expr5 + expr6
    (66) expr6 -> . expr7
    (67) expr6 -> . expr6 % expr7
    (68) expr6 -> . expr6 / expr7
    (69) expr6 -> . expr6 * expr7
    (70) expr7 -> . expr8
    (71) expr7 -> . expr7 ^ expr8
    (72) expr8 -> . expr9
    (73) expr8 -> . NOT expr8
    (74) expr8 -> . - expr8
    (75) expr9 -> . group
    (76) expr9 -> . expr9 DEC
    (77) expr9 -> . expr9 INC
    (78) group -> . factor
    (79) group -> . ID array_index
    (80) group -> . ID ( opt_expr_list )
    (81) group -> . ( expr )
    (88) factor -> . FALSE
    (89) factor -> . TRUE
    (90) factor -> . STRING_LIT
    (91) factor -> . CHAR_LIT
    (92) factor -> . INT_LIT
    (93) factor -> . FLOAT_LIT
    (94) factor -> . ID
    ;               reduce using rule 114 (empty -> .)
    ID              shift and go to state 32
    NOT             shift and go to state 45
    -               shift and go to state 41
    (               shift and go to state 48
    FALSE           shift and go to state 49
    TRUE            shift and go to state 50
    STRING_LIT      shift and go to state 51
    CHAR_LIT        shift and go to state 52
    INT_LIT         shift and go to state 53
    FLOAT_LIT       shift and go to state 54

    opt_expr                       shift and go to state 138
    expr                           shift and go to state 139
    empty                          shift and go to state 140
    expr1                          shift and go to state 34
    expr2                          shift and go to state 35
    lval                           shift and go to state 36
    expr3                          shift and go to state 37
    expr4                          shift and go to state 38
    expr5                          shift and go to state 39
    expr6                          shift and go to state 40
    expr7                          shift and go to state 42
    expr8                          shift and go to state 43
    expr9                          shift and go to state 44
    group                          shift and go to state 46
    factor                         shift and go to state 47

state 87

    (38) print_stmt -> PRINT . opt_expr_list ;
    (41) opt_expr_list -> . expr_list
    (42) opt_expr_list -> . empty
    (43) expr_list -> . expr , expr_list
    (44) expr_list -> . expr
    (114) empty -> .
    (47) expr -> . expr1
    (48) expr1 -> . expr2
    (49) expr1 -> . lval = expr1
    (52) expr2 -> . expr3
    (53) expr2 -> . expr2 LOR expr3
    (50) lval -> . ID array_index
    (51) lval -> . ID
    (54) expr3 -> . expr4
    (55) expr3 -> . expr3 LAND expr4
    (56) expr4 -> . expr5
    (57) expr4 -> . expr4 GE expr5
    (58) expr4 -> . expr4 > expr5
    (59) expr4 -> . expr4 LE expr5
    (60) expr4 -> . expr4 < expr5
    (61) expr4 -> . expr4 NE expr5
    (62) expr4 -> . expr4 EQ expr5
    (63) expr5 -> . expr6
    (64) expr5 -> . expr5 - expr6
    (65) expr5 -> . expr5 + expr6
    (66) expr6 -> . expr7
    (67) expr6 -> . expr6 % expr7
    (68) expr6 -> . expr6 / expr7
    (69) expr6 -> . expr6 * expr7
    (70) expr7 -> . expr8
    (71) expr7 -> . expr7 ^ expr8
    (72) expr8 -> . expr9
    (73) expr8 -> . NOT expr8
    (74) expr8 -> . - expr8
    (75) expr9 -> . group
    (76) expr9 -> . expr9 DEC
    (77) expr9 -> . expr9 INC
    (78) group -> . factor
    (79) group -> . ID array_index
    (80) group -> . ID ( opt_expr_list )
    (81) group -> . ( expr )
    (88) factor -> . FALSE
    (89) factor -> . TRUE
    (90) factor -> . STRING_LIT
    (91) factor -> . CHAR_LIT
    (92) factor -> . INT_LIT
    (93) factor -> . FLOAT_LIT
    (94) factor -> . ID
    ;               reduce using rule 114 (empty -> .)
    ID              shift and go to state 32
    NOT             shift and go to state 45
    -               shift and go to state 41
    (               shift and go to state 48
    FALSE           shift and go to state 49
    TRUE            shift and go to state 50
    STRING_LIT      shift and go to state 51
    CHAR_LIT        shift and go to state 52
    INT_LIT         shift and go to state 53
    FLOAT_LIT       shift and go to state 54

    opt_expr_list                  shift and go to state 141
    expr_list                      shift and go to state 91
    empty                          shift and go to state 92
    expr                           shift and go to state 93
    expr1                          shift and go to state 34
    expr2                          shift and go to state 35
    lval                           shift and go to state 36
    expr3                          shift and go to state 37
    expr4                          shift and go to state 38
    expr5                          shift and go to state 39
    expr6                          shift and go to state 40
    expr7                          shift and go to state 42
    expr8                          shift and go to state 43
    expr9                          shift and go to state 44
    group                          shift and go to state 46
    factor                         shift and go to state 47

state 88

    (26) for_header -> FOR . ( opt_expr ; opt_expr ; opt_expr )
    (               shift and go to state 142


state 89

    (22) if_cond -> IF . ( opt_expr )
    (               shift and go to state 143


state 90

    (9) decl_init -> ID : type_array_sized = { opt_expr_list . } ;
    }               shift and go to state 144


state 91

    (41) opt_expr_list -> expr_list .
    }               reduce using rule 41 (opt_expr_list -> expr_list .)
    ;               reduce using rule 41 (opt_expr_list -> expr_list .)
    )               reduce using rule 41 (opt_expr_list -> expr_list .)


state 92

    (42) opt_expr_list -> empty .
    }               reduce using rule 42 (opt_expr_list -> empty .)
    ;               reduce using rule 42 (opt_expr_list -> empty .)
    )               reduce using rule 42 (opt_expr_list -> empty .)


state 93

    (43) expr_list -> expr . , expr_list
    (44) expr_list -> expr .
    ,               shift and go to state 145
    }               reduce using rule 44 (expr_list -> expr .)
    ;               reduce using rule 44 (expr_list -> expr .)
    )               reduce using rule 44 (expr_list -> expr .)


state 94

    (50) lval -> ID array_index .
    (79) group -> ID array_index .
    =               reduce using rule 50 (lval -> ID array_index .)
    DEC             reduce using rule 79 (group -> ID array_index .)
    INC             reduce using rule 79 (group -> ID array_index .)
    ^               reduce using rule 79 (group -> ID array_index .)
    %               reduce using rule 79 (group -> ID array_index .)
    /               reduce using rule 79 (group -> ID array_index .)
    *               reduce using rule 79 (group -> ID array_index .)
    -               reduce using rule 79 (group -> ID array_index .)
    +               reduce using rule 79 (group -> ID array_index .)
    GE              reduce using rule 79 (group -> ID array_index .)
    >               reduce using rule 79 (group -> ID array_index .)
    LE              reduce using rule 79 (group -> ID array_index .)
    <               reduce using rule 79 (group -> ID array_index .)
    NE              reduce using rule 79 (group -> ID array_index .)
    EQ              reduce using rule 79 (group -> ID array_index .)
    LAND            reduce using rule 79 (group -> ID array_index .)
    LOR             reduce using rule 79 (group -> ID array_index .)
    ;               reduce using rule 79 (group -> ID array_index .)
    ,               reduce using rule 79 (group -> ID array_index .)
    }               reduce using rule 79 (group -> ID array_index .)
    )               reduce using rule 79 (group -> ID array_index .)
    ]               reduce using rule 79 (group -> ID array_index .)


state 95

    (80) group -> ID ( . opt_expr_list )
    (41) opt_expr_list -> . expr_list
    (42) opt_expr_list -> . empty
    (43) expr_list -> . expr , expr_list
    (44) expr_list -> . expr
    (114) empty -> .
    (47) expr -> . expr1
    (48) expr1 -> . expr2
    (49) expr1 -> . lval = expr1
    (52) expr2 -> . expr3
    (53) expr2 -> . expr2 LOR expr3
    (50) lval -> . ID array_index
    (51) lval -> . ID
    (54) expr3 -> . expr4
    (55) expr3 -> . expr3 LAND expr4
    (56) expr4 -> . expr5
    (57) expr4 -> . expr4 GE expr5
    (58) expr4 -> . expr4 > expr5
    (59) expr4 -> . expr4 LE expr5
    (60) expr4 -> . expr4 < expr5
    (61) expr4 -> . expr4 NE expr5
    (62) expr4 -> . expr4 EQ expr5
    (63) expr5 -> . expr6
    (64) expr5 -> . expr5 - expr6
    (65) expr5 -> . expr5 + expr6
    (66) expr6 -> . expr7
    (67) expr6 -> . expr6 % expr7
    (68) expr6 -> . expr6 / expr7
    (69) expr6 -> . expr6 * expr7
    (70) expr7 -> . expr8
    (71) expr7 -> . expr7 ^ expr8
    (72) expr8 -> . expr9
    (73) expr8 -> . NOT expr8
    (74) expr8 -> . - expr8
    (75) expr9 -> . group
    (76) expr9 -> . expr9 DEC
    (77) expr9 -> . expr9 INC
    (78) group -> . factor
    (79) group -> . ID array_index
    (80) group -> . ID ( opt_expr_list )
    (81) group -> . ( expr )
    (88) factor -> . FALSE
    (89) factor -> . TRUE
    (90) factor -> . STRING_LIT
    (91) factor -> . CHAR_LIT
    (92) factor -> . INT_LIT
    (93) factor -> . FLOAT_LIT
    (94) factor -> . ID
    )               reduce using rule 114 (empty -> .)
    ID              shift and go to state 32
    NOT             shift and go to state 45
    -               shift and go to state 41
    (               shift and go to state 48
    FALSE           shift and go to state 49
    TRUE            shift and go to state 50
    STRING_LIT      shift and go to state 51
    CHAR_LIT        shift and go to state 52
    INT_LIT         shift and go to state 53
    FLOAT_LIT       shift and go to state 54

    opt_expr_list                  shift and go to state 146
    expr_list                      shift and go to state 91
    empty                          shift and go to state 92
    expr                           shift and go to state 93
    expr1                          shift and go to state 34
    expr2                          shift and go to state 35
    lval                           shift and go to state 36
    expr3                          shift and go to state 37
    expr4                          shift and go to state 38
    expr5                          shift and go to state 39
    expr6                          shift and go to state 40
    expr7                          shift and go to state 42
    expr8                          shift and go to state 43
    expr9                          shift and go to state 44
    group                          shift and go to state 46
    factor                         shift and go to state 47

state 96

    (82) array_index -> [ . expr ]
    (47) expr -> . expr1
    (48) expr1 -> . expr2
    (49) expr1 -> . lval = expr1
    (52) expr2 -> . expr3
    (53) expr2 -> . expr2 LOR expr3
    (50) lval -> . ID array_index
    (51) lval -> . ID
    (54) expr3 -> . expr4
    (55) expr3 -> . expr3 LAND expr4
    (56) expr4 -> . expr5
    (57) expr4 -> . expr4 GE expr5
    (58) expr4 -> . expr4 > expr5
    (59) expr4 -> . expr4 LE expr5
    (60) expr4 -> . expr4 < expr5
    (61) expr4 -> . expr4 NE expr5
    (62) expr4 -> . expr4 EQ expr5
    (63) expr5 -> . expr6
    (64) expr5 -> . expr5 - expr6
    (65) expr5 -> . expr5 + expr6
    (66) expr6 -> . expr7
    (67) expr6 -> . expr6 % expr7
    (68) expr6 -> . expr6 / expr7
    (69) expr6 -> . expr6 * expr7
    (70) expr7 -> . expr8
    (71) expr7 -> . expr7 ^ expr8
    (72) expr8 -> . expr9
    (73) expr8 -> . NOT expr8
    (74) expr8 -> . - expr8
    (75) expr9 -> . group
    (76) expr9 -> . expr9 DEC
    (77) expr9 -> . expr9 INC
    (78) group -> . factor
    (79) group -> . ID array_index
    (80) group -> . ID ( opt_expr_list )
    (81) group -> . ( expr )
    (88) factor -> . FALSE
    (89) factor -> . TRUE
    (90) factor -> . STRING_LIT
    (91) factor -> . CHAR_LIT
    (92) factor -> . INT_LIT
    (93) factor -> . FLOAT_LIT
    (94) factor -> . ID
    ID              shift and go to state 32
    NOT             shift and go to state 45
    -               shift and go to state 41
    (               shift and go to state 48
    FALSE           shift and go to state 49
    TRUE            shift and go to state 50
    STRING_LIT      shift and go to state 51
    CHAR_LIT        shift and go to state 52
    INT_LIT         shift and go to state 53
    FLOAT_LIT       shift and go to state 54

    expr                           shift and go to state 147
    expr1                          shift and go to state 34
    expr2                          shift and go to state 35
    lval                           shift and go to state 36
    expr3                          shift and go to state 37
    expr4                          shift and go to state 38
    expr5                          shift and go to state 39
    expr6                          shift and go to state 40
    expr7                          shift and go to state 42
    expr8                          shift and go to state 43
    expr9                          shift and go to state 44
    group                          shift and go to state 46
    factor                         shift and go to state 47

state 97

    (10) decl_init -> ID : type_simple = expr ; .
    ID              reduce using rule 10 (decl_init -> ID : type_simple = expr ; .)
    $end            reduce using rule 10 (decl_init -> ID : type_simple = expr ; .)
    DO              reduce using rule 10 (decl_init -> ID : type_simple = expr ; .)
    WHILE           reduce using rule 10 (decl_init -> ID : type_simple = expr ; .)
    {               reduce using rule 10 (decl_init -> ID : type_simple = expr ; .)
    RETURN          reduce using rule 10 (decl_init -> ID : type_simple = expr ; .)
    PRINT           reduce using rule 10 (decl_init -> ID : type_simple = expr ; .)
    FOR             reduce using rule 10 (decl_init -> ID : type_simple = expr ; .)
    IF              reduce using rule 10 (decl_init -> ID : type_simple = expr ; .)
    NOT             reduce using rule 10 (decl_init -> ID : type_simple = expr ; .)
    -               reduce using rule 10 (decl_init -> ID : type_simple = expr ; .)
    (               reduce using rule 10 (decl_init -> ID : type_simple = expr ; .)
    FALSE           reduce using rule 10 (decl_init -> ID : type_simple = expr ; .)
    TRUE            reduce using rule 10 (decl_init -> ID : type_simple = expr ; .)
    STRING_LIT      reduce using rule 10 (decl_init -> ID : type_simple = expr ; .)
    CHAR_LIT        reduce using rule 10 (decl_init -> ID : type_simple = expr ; .)
    INT_LIT         reduce using rule 10 (decl_init -> ID : type_simple = expr ; .)
    FLOAT_LIT       reduce using rule 10 (decl_init -> ID : type_simple = expr ; .)
    }               reduce using rule 10 (decl_init -> ID : type_simple = expr ; .)
    ELSE            reduce using rule 10 (decl_init -> ID : type_simple = expr ; .)


state 98

    (53) expr2 -> expr2 LOR . expr3
    (54) expr3 -> . expr4
    (55) expr3 -> . expr3 LAND expr4
    (56) expr4 -> . expr5
    (57) expr4 -> . expr4 GE expr5
    (58) expr4 -> . expr4 > expr5
    (59) expr4 -> . expr4 LE expr5
    (60) expr4 -> . expr4 < expr5
    (61) expr4 -> . expr4 NE expr5
    (62) expr4 -> . expr4 EQ expr5
    (63) expr5 -> . expr6
    (64) expr5 -> . expr5 - expr6
    (65) expr5 -> . expr5 + expr6
    (66) expr6 -> . expr7
    (67) expr6 -> . expr6 % expr7
    (68) expr6 -> . expr6 / expr7
    (69) expr6 -> . expr6 * expr7
    (70) expr7 -> . expr8
    (71) expr7 -> . expr7 ^ expr8
    (72) expr8 -> . expr9
    (73) expr8 -> . NOT expr8
    (74) expr8 -> . - expr8
    (75) expr9 -> . group
    (76) expr9 -> . expr9 DEC
    (77) expr9 -> . expr9 INC
    (78) group -> . factor
    (79) group -> . ID array_index
    (80) group -> . ID ( opt_expr_list )
    (81) group -> . ( expr )
    (88) factor -> . FALSE
    (89) factor -> . TRUE
    (90) factor -> . STRING_LIT
    (91) factor -> . CHAR_LIT
    (92) factor -> . INT_LIT
    (93) factor -> . FLOAT_LIT
    (94) factor -> . ID
    NOT             shift and go to state 45
    -               shift and go to state 41
    ID              shift and go to state 113
    (               shift and go to state 48
    FALSE           shift and go to state 49
    TRUE            shift and go to state 50
    STRING_LIT      shift and go to state 51
    CHAR_LIT        shift and go to state 52
    INT_LIT         shift and go to state 53
    FLOAT_LIT       shift and go to state 54

    expr3                          shift and go to state 148
    expr4                          shift and go to state 38
    expr5                          shift and go to state 39
    expr6                          shift and go to state 40
    expr7                          shift and go to state 42
    expr8                          shift and go to state 43
    expr9                          shift and go to state 44
    group                          shift and go to state 46
    factor                         shift and go to state 47

state 99

    (49) expr1 -> lval = . expr1
    (48) expr1 -> . expr2
    (49) expr1 -> . lval = expr1
    (52) expr2 -> . expr3
    (53) expr2 -> . expr2 LOR expr3
    (50) lval -> . ID array_index
    (51) lval -> . ID
    (54) expr3 -> . expr4
    (55) expr3 -> . expr3 LAND expr4
    (56) expr4 -> . expr5
    (57) expr4 -> . expr4 GE expr5
    (58) expr4 -> . expr4 > expr5
    (59) expr4 -> . expr4 LE expr5
    (60) expr4 -> . expr4 < expr5
    (61) expr4 -> . expr4 NE expr5
    (62) expr4 -> . expr4 EQ expr5
    (63) expr5 -> . expr6
    (64) expr5 -> . expr5 - expr6
    (65) expr5 -> . expr5 + expr6
    (66) expr6 -> . expr7
    (67) expr6 -> . expr6 % expr7
    (68) expr6 -> . expr6 / expr7
    (69) expr6 -> . expr6 * expr7
    (70) expr7 -> . expr8
    (71) expr7 -> . expr7 ^ expr8
    (72) expr8 -> . expr9
    (73) expr8 -> . NOT expr8
    (74) expr8 -> . - expr8
    (75) expr9 -> . group
    (76) expr9 -> . expr9 DEC
    (77) expr9 -> . expr9 INC
    (78) group -> . factor
    (79) group -> . ID array_index
    (80) group -> . ID ( opt_expr_list )
    (81) group -> . ( expr )
    (88) factor -> . FALSE
    (89) factor -> . TRUE
    (90) factor -> . STRING_LIT
    (91) factor -> . CHAR_LIT
    (92) factor -> . INT_LIT
    (93) factor -> . FLOAT_LIT
    (94) factor -> . ID
    ID              shift and go to state 32
    NOT             shift and go to state 45
    -               shift and go to state 41
    (               shift and go to state 48
    FALSE           shift and go to state 49
    TRUE            shift and go to state 50
    STRING_LIT      shift and go to state 51
    CHAR_LIT        shift and go to state 52
    INT_LIT         shift and go to state 53
    FLOAT_LIT       shift and go to state 54

    lval                           shift and go to state 36
    expr1                          shift and go to state 149
    expr2                          shift and go to state 35
    expr3                          shift and go to state 37
    expr4                          shift and go to state 38
    expr5                          shift and go to state 39
    expr6                          shift and go to state 40
    expr7                          shift and go to state 42
    expr8                          shift and go to state 43
    expr9                          shift and go to state 44
    group                          shift and go to state 46
    factor                         shift and go to state 47

state 100

    (55) expr3 -> expr3 LAND . expr4
    (56) expr4 -> . expr5
    (57) expr4 -> . expr4 GE expr5
    (58) expr4 -> . expr4 > expr5
    (59) expr4 -> . expr4 LE expr5
    (60) expr4 -> . expr4 < expr5
    (61) expr4 -> . expr4 NE expr5
    (62) expr4 -> . expr4 EQ expr5
    (63) expr5 -> . expr6
    (64) expr5 -> . expr5 - expr6
    (65) expr5 -> . expr5 + expr6
    (66) expr6 -> . expr7
    (67) expr6 -> . expr6 % expr7
    (68) expr6 -> . expr6 / expr7
    (69) expr6 -> . expr6 * expr7
    (70) expr7 -> . expr8
    (71) expr7 -> . expr7 ^ expr8
    (72) expr8 -> . expr9
    (73) expr8 -> . NOT expr8
    (74) expr8 -> . - expr8
    (75) expr9 -> . group
    (76) expr9 -> . expr9 DEC
    (77) expr9 -> . expr9 INC
    (78) group -> . factor
    (79) group -> . ID array_index
    (80) group -> . ID ( opt_expr_list )
    (81) group -> . ( expr )
    (88) factor -> . FALSE
    (89) factor -> . TRUE
    (90) factor -> . STRING_LIT
    (91) factor -> . CHAR_LIT
    (92) factor -> . INT_LIT
    (93) factor -> . FLOAT_LIT
    (94) factor -> . ID
    NOT             shift and go to state 45
    -               shift and go to state 41
    ID              shift and go to state 113
    (               shift and go to state 48
    FALSE           shift and go to state 49
    TRUE            shift and go to state 50
    STRING_LIT      shift and go to state 51
    CHAR_LIT        shift and go to state 52
    INT_LIT         shift and go to state 53
    FLOAT_LIT       shift and go to state 54

    expr4                          shift and go to state 150
    expr5                          shift and go to state 39
    expr6                          shift and go to state 40
    expr7                          shift and go to state 42
    expr8                          shift and go to state 43
    expr9                          shift and go to state 44
    group                          shift and go to state 46
    factor                         shift and go to state 47

state 101

    (57) expr4 -> expr4 GE . expr5
    (63) expr5 -> . expr6
    (64) expr5 -> . expr5 - expr6
    (65) expr5 -> . expr5 + expr6
    (66) expr6 -> . expr7
    (67) expr6 -> . expr6 % expr7
    (68) expr6 -> . expr6 / expr7
    (69) expr6 -> . expr6 * expr7
    (70) expr7 -> . expr8
    (71) expr7 -> . expr7 ^ expr8
    (72) expr8 -> . expr9
    (73) expr8 -> . NOT expr8
    (74) expr8 -> . - expr8
    (75) expr9 -> . group
    (76) expr9 -> . expr9 DEC
    (77) expr9 -> . expr9 INC
    (78) group -> . factor
    (79) group -> . ID array_index
    (80) group -> . ID ( opt_expr_list )
    (81) group -> . ( expr )
    (88) factor -> . FALSE
    (89) factor -> . TRUE
    (90) factor -> . STRING_LIT
    (91) factor -> . CHAR_LIT
    (92) factor -> . INT_LIT
    (93) factor -> . FLOAT_LIT
    (94) factor -> . ID
    NOT             shift and go to state 45
    -               shift and go to state 41
    ID              shift and go to state 113
    (               shift and go to state 48
    FALSE           shift and go to state 49
    TRUE            shift and go to state 50
    STRING_LIT      shift and go to state 51
    CHAR_LIT        shift and go to state 52
    INT_LIT         shift and go to state 53
    FLOAT_LIT       shift and go to state 54

    expr5                          shift and go to state 151
    expr6                          shift and go to state 40
    expr7                          shift and go to state 42
    expr8                          shift and go to state 43
    expr9                          shift and go to state 44
    group                          shift and go to state 46
    factor                         shift and go to state 47

state 102

    (58) expr4 -> expr4 > . expr5
    (63) expr5 -> . expr6
    (64) expr5 -> . expr5 - expr6
    (65) expr5 -> . expr5 + expr6
    (66) expr6 -> . expr7
    (67) expr6 -> . expr6 % expr7
    (68) expr6 -> . expr6 / expr7
    (69) expr6 -> . expr6 * expr7
    (70) expr7 -> . expr8
    (71) expr7 -> . expr7 ^ expr8
    (72) expr8 -> . expr9
    (73) expr8 -> . NOT expr8
    (74) expr8 -> . - expr8
    (75) expr9 -> . group
    (76) expr9 -> . expr9 DEC
    (77) expr9 -> . expr9 INC
    (78) group -> . factor
    (79) group -> . ID array_index
    (80) group -> . ID ( opt_expr_list )
    (81) group -> . ( expr )
    (88) factor -> . FALSE
    (89) factor -> . TRUE
    (90) factor -> . STRING_LIT
    (91) factor -> . CHAR_LIT
    (92) factor -> . INT_LIT
    (93) factor -> . FLOAT_LIT
    (94) factor -> . ID
    NOT             shift and go to state 45
    -               shift and go to state 41
    ID              shift and go to state 113
    (               shift and go to state 48
    FALSE           shift and go to state 49
    TRUE            shift and go to state 50
    STRING_LIT      shift and go to state 51
    CHAR_LIT        shift and go to state 52
    INT_LIT         shift and go to state 53
    FLOAT_LIT       shift and go to state 54

    expr5                          shift and go to state 152
    expr6                          shift and go to state 40
    expr7                          shift and go to state 42
    expr8                          shift and go to state 43
    expr9                          shift and go to state 44
    group                          shift and go to state 46
    factor                         shift and go to state 47

state 103

    (59) expr4 -> expr4 LE . expr5
    (63) expr5 -> . expr6
    (64) expr5 -> . expr5 - expr6
    (65) expr5 -> . expr5 + expr6
    (66) expr6 -> . expr7
    (67) expr6 -> . expr6 % expr7
    (68) expr6 -> . expr6 / expr7
    (69) expr6 -> . expr6 * expr7
    (70) expr7 -> . expr8
    (71) expr7 -> . expr7 ^ expr8
    (72) expr8 -> . expr9
    (73) expr8 -> . NOT expr8
    (74) expr8 -> . - expr8
    (75) expr9 -> . group
    (76) expr9 -> . expr9 DEC
    (77) expr9 -> . expr9 INC
    (78) group -> . factor
    (79) group -> . ID array_index
    (80) group -> . ID ( opt_expr_list )
    (81) group -> . ( expr )
    (88) factor -> . FALSE
    (89) factor -> . TRUE
    (90) factor -> . STRING_LIT
    (91) factor -> . CHAR_LIT
    (92) factor -> . INT_LIT
    (93) factor -> . FLOAT_LIT
    (94) factor -> . ID
    NOT             shift and go to state 45
    -               shift and go to state 41
    ID              shift and go to state 113
    (               shift and go to state 48
    FALSE           shift and go to state 49
    TRUE            shift and go to state 50
    STRING_LIT      shift and go to state 51
    CHAR_LIT        shift and go to state 52
    INT_LIT         shift and go to state 53
    FLOAT_LIT       shift and go to state 54

    expr5                          shift and go to state 153
    expr6                          shift and go to state 40
    expr7                          shift and go to state 42
    expr8                          shift and go to state 43
    expr9                          shift and go to state 44
    group                          shift and go to state 46
    factor                         shift and go to state 47

state 104

    (60) expr4 -> expr4 < . expr5
    (63) expr5 -> . expr6
    (64) expr5 -> . expr5 - expr6
    (65) expr5 -> . expr5 + expr6
    (66) expr6 -> . expr7
    (67) expr6 -> . expr6 % expr7
    (68) expr6 -> . expr6 / expr7
    (69) expr6 -> . expr6 * expr7
    (70) expr7 -> . expr8
    (71) expr7 -> . expr7 ^ expr8
    (72) expr8 -> . expr9
    (73) expr8 -> . NOT expr8
    (74) expr8 -> . - expr8
    (75) expr9 -> . group
    (76) expr9 -> . expr9 DEC
    (77) expr9 -> . expr9 INC
    (78) group -> . factor
    (79) group -> . ID array_index
    (80) group -> . ID ( opt_expr_list )
    (81) group -> . ( expr )
    (88) factor -> . FALSE
    (89) factor -> . TRUE
    (90) factor -> . STRING_LIT
    (91) factor -> . CHAR_LIT
    (92) factor -> . INT_LIT
    (93) factor -> . FLOAT_LIT
    (94) factor -> . ID
    NOT             shift and go to state 45
    -               shift and go to state 41
    ID              shift and go to state 113
    (               shift and go to state 48
    FALSE           shift and go to state 49
    TRUE            shift and go to state 50
    STRING_LIT      shift and go to state 51
    CHAR_LIT        shift and go to state 52
    INT_LIT         shift and go to state 53
    FLOAT_LIT       shift and go to state 54

    expr5                          shift and go to state 154
    expr6                          shift and go to state 40
    expr7                          shift and go to state 42
    expr8                          shift and go to state 43
    expr9                          shift and go to state 44
    group                          shift and go to state 46
    factor                         shift and go to state 47

state 105

    (61) expr4 -> expr4 NE . expr5
    (63) expr5 -> . expr6
    (64) expr5 -> . expr5 - expr6
    (65) expr5 -> . expr5 + expr6
    (66) expr6 -> . expr7
    (67) expr6 -> . expr6 % expr7
    (68) expr6 -> . expr6 / expr7
    (69) expr6 -> . expr6 * expr7
    (70) expr7 -> . expr8
    (71) expr7 -> . expr7 ^ expr8
    (72) expr8 -> . expr9
    (73) expr8 -> . NOT expr8
    (74) expr8 -> . - expr8
    (75) expr9 -> . group
    (76) expr9 -> . expr9 DEC
    (77) expr9 -> . expr9 INC
    (78) group -> . factor
    (79) group -> . ID array_index
    (80) group -> . ID ( opt_expr_list )
    (81) group -> . ( expr )
    (88) factor -> . FALSE
    (89) factor -> . TRUE
    (90) factor -> . STRING_LIT
    (91) factor -> . CHAR_LIT
    (92) factor -> . INT_LIT
    (93) factor -> . FLOAT_LIT
    (94) factor -> . ID
    NOT             shift and go to state 45
    -               shift and go to state 41
    ID              shift and go to state 113
    (               shift and go to state 48
    FALSE           shift and go to state 49
    TRUE            shift and go to state 50
    STRING_LIT      shift and go to state 51
    CHAR_LIT        shift and go to state 52
    INT_LIT         shift and go to state 53
    FLOAT_LIT       shift and go to state 54

    expr5                          shift and go to state 155
    expr6                          shift and go to state 40
    expr7                          shift and go to state 42
    expr8                          shift and go to state 43
    expr9                          shift and go to state 44
    group                          shift and go to state 46
    factor                         shift and go to state 47

state 106

    (62) expr4 -> expr4 EQ . expr5
    (63) expr5 -> . expr6
    (64) expr5 -> . expr5 - expr6
    (65) expr5 -> . expr5 + expr6
    (66) expr6 -> . expr7
    (67) expr6 -> . expr6 % expr7
    (68) expr6 -> . expr6 / expr7
    (69) expr6 -> . expr6 * expr7
    (70) expr7 -> . expr8
    (71) expr7 -> . expr7 ^ expr8
    (72) expr8 -> . expr9
    (73) expr8 -> . NOT expr8
    (74) expr8 -> . - expr8
    (75) expr9 -> . group
    (76) expr9 -> . expr9 DEC
    (77) expr9 -> . expr9 INC
    (78) group -> . factor
    (79) group -> . ID array_index
    (80) group -> . ID ( opt_expr_list )
    (81) group -> . ( expr )
    (88) factor -> . FALSE
    (89) factor -> . TRUE
    (90) factor -> . STRING_LIT
    (91) factor -> . CHAR_LIT
    (92) factor -> . INT_LIT
    (93) factor -> . FLOAT_LIT
    (94) factor -> . ID
    NOT             shift and go to state 45
    -               shift and go to state 41
    ID              shift and go to state 113
    (               shift and go to state 48
    FALSE           shift and go to state 49
    TRUE            shift and go to state 50
    STRING_LIT      shift and go to state 51
    CHAR_LIT        shift and go to state 52
    INT_LIT         shift and go to state 53
    FLOAT_LIT       shift and go to state 54

    expr5                          shift and go to state 156
    expr6                          shift and go to state 40
    expr7                          shift and go to state 42
    expr8                          shift and go to state 43
    expr9                          shift and go to state 44
    group                          shift and go to state 46
    factor                         shift and go to state 47

state 107

    (64) expr5 -> expr5 - . expr6
    (66) expr6 -> . expr7
    (67) expr6 -> . expr6 % expr7
    (68) expr6 -> . expr6 / expr7
    (69) expr6 -> . expr6 * expr7
    (70) expr7 -> . expr8
    (71) expr7 -> . expr7 ^ expr8
    (72) expr8 -> . expr9
    (73) expr8 -> . NOT expr8
    (74) expr8 -> . - expr8
    (75) expr9 -> . group
    (76) expr9 -> . expr9 DEC
    (77) expr9 -> . expr9 INC
    (78) group -> . factor
    (79) group -> . ID array_index
    (80) group -> . ID ( opt_expr_list )
    (81) group -> . ( expr )
    (88) factor -> . FALSE
    (89) factor -> . TRUE
    (90) factor -> . STRING_LIT
    (91) factor -> . CHAR_LIT
    (92) factor -> . INT_LIT
    (93) factor -> . FLOAT_LIT
    (94) factor -> . ID
    NOT             shift and go to state 45
    -               shift and go to state 41
    ID              shift and go to state 113
    (               shift and go to state 48
    FALSE           shift and go to state 49
    TRUE            shift and go to state 50
    STRING_LIT      shift and go to state 51
    CHAR_LIT        shift and go to state 52
    INT_LIT         shift and go to state 53
    FLOAT_LIT       shift and go to state 54

    expr6                          shift and go to state 157
    expr7                          shift and go to state 42
    expr8                          shift and go to state 43
    expr9                          shift and go to state 44
    group                          shift and go to state 46
    factor                         shift and go to state 47

state 108

    (65) expr5 -> expr5 + . expr6
    (66) expr6 -> . expr7
    (67) expr6 -> . expr6 % expr7
    (68) expr6 -> . expr6 / expr7
    (69) expr6 -> . expr6 * expr7
    (70) expr7 -> . expr8
    (71) expr7 -> . expr7 ^ expr8
    (72) expr8 -> . expr9
    (73) expr8 -> . NOT expr8
    (74) expr8 -> . - expr8
    (75) expr9 -> . group
    (76) expr9 -> . expr9 DEC
    (77) expr9 -> . expr9 INC
    (78) group -> . factor
    (79) group -> . ID array_index
    (80) group -> . ID ( opt_expr_list )
    (81) group -> . ( expr )
    (88) factor -> . FALSE
    (89) factor -> . TRUE
    (90) factor -> . STRING_LIT
    (91) factor -> . CHAR_LIT
    (92) factor -> . INT_LIT
    (93) factor -> . FLOAT_LIT
    (94) factor -> . ID
    NOT             shift and go to state 45
    -               shift and go to state 41
    ID              shift and go to state 113
    (               shift and go to state 48
    FALSE           shift and go to state 49
    TRUE            shift and go to state 50
    STRING_LIT      shift and go to state 51
    CHAR_LIT        shift and go to state 52
    INT_LIT         shift and go to state 53
    FLOAT_LIT       shift and go to state 54

    expr6                          shift and go to state 158
    expr7                          shift and go to state 42
    expr8                          shift and go to state 43
    expr9                          shift and go to state 44
    group                          shift and go to state 46
    factor                         shift and go to state 47

state 109

    (67) expr6 -> expr6 % . expr7
    (70) expr7 -> . expr8
    (71) expr7 -> . expr7 ^ expr8
    (72) expr8 -> . expr9
    (73) expr8 -> . NOT expr8
    (74) expr8 -> . - expr8
    (75) expr9 -> . group
    (76) expr9 -> . expr9 DEC
    (77) expr9 -> . expr9 INC
    (78) group -> . factor
    (79) group -> . ID array_index
    (80) group -> . ID ( opt_expr_list )
    (81) group -> . ( expr )
    (88) factor -> . FALSE
    (89) factor -> . TRUE
    (90) factor -> . STRING_LIT
    (91) factor -> . CHAR_LIT
    (92) factor -> . INT_LIT
    (93) factor -> . FLOAT_LIT
    (94) factor -> . ID
    NOT             shift and go to state 45
    -               shift and go to state 41
    ID              shift and go to state 113
    (               shift and go to state 48
    FALSE           shift and go to state 49
    TRUE            shift and go to state 50
    STRING_LIT      shift and go to state 51
    CHAR_LIT        shift and go to state 52
    INT_LIT         shift and go to state 53
    FLOAT_LIT       shift and go to state 54

    expr7                          shift and go to state 159
    expr8                          shift and go to state 43
    expr9                          shift and go to state 44
    group                          shift and go to state 46
    factor                         shift and go to state 47

state 110

    (68) expr6 -> expr6 / . expr7
    (70) expr7 -> . expr8
    (71) expr7 -> . expr7 ^ expr8
    (72) expr8 -> . expr9
    (73) expr8 -> . NOT expr8
    (74) expr8 -> . - expr8
    (75) expr9 -> . group
    (76) expr9 -> . expr9 DEC
    (77) expr9 -> . expr9 INC
    (78) group -> . factor
    (79) group -> . ID array_index
    (80) group -> . ID ( opt_expr_list )
    (81) group -> . ( expr )
    (88) factor -> . FALSE
    (89) factor -> . TRUE
    (90) factor -> . STRING_LIT
    (91) factor -> . CHAR_LIT
    (92) factor -> . INT_LIT
    (93) factor -> . FLOAT_LIT
    (94) factor -> . ID
    NOT             shift and go to state 45
    -               shift and go to state 41
    ID              shift and go to state 113
    (               shift and go to state 48
    FALSE           shift and go to state 49
    TRUE            shift and go to state 50
    STRING_LIT      shift and go to state 51
    CHAR_LIT        shift and go to state 52
    INT_LIT         shift and go to state 53
    FLOAT_LIT       shift and go to state 54

    expr7                          shift and go to state 160
    expr8                          shift and go to state 43
    expr9                          shift and go to state 44
    group                          shift and go to state 46
    factor                         shift and go to state 47

state 111

    (69) expr6 -> expr6 * . expr7
    (70) expr7 -> . expr8
    (71) expr7 -> . expr7 ^ expr8
    (72) expr8 -> . expr9
    (73) expr8 -> . NOT expr8
    (74) expr8 -> . - expr8
    (75) expr9 -> . group
    (76) expr9 -> . expr9 DEC
    (77) expr9 -> . expr9 INC
    (78) group -> . factor
    (79) group -> . ID array_index
    (80) group -> . ID ( opt_expr_list )
    (81) group -> . ( expr )
    (88) factor -> . FALSE
    (89) factor -> . TRUE
    (90) factor -> . STRING_LIT
    (91) factor -> . CHAR_LIT
    (92) factor -> . INT_LIT
    (93) factor -> . FLOAT_LIT
    (94) factor -> . ID
    NOT             shift and go to state 45
    -               shift and go to state 41
    ID              shift and go to state 113
    (               shift and go to state 48
    FALSE           shift and go to state 49
    TRUE            shift and go to state 50
    STRING_LIT      shift and go to state 51
    CHAR_LIT        shift and go to state 52
    INT_LIT         shift and go to state 53
    FLOAT_LIT       shift and go to state 54

    expr7                          shift and go to state 161
    expr8                          shift and go to state 43
    expr9                          shift and go to state 44
    group                          shift and go to state 46
    factor                         shift and go to state 47

state 112

    (74) expr8 -> - expr8 .
    ^               reduce using rule 74 (expr8 -> - expr8 .)
    %               reduce using rule 74 (expr8 -> - expr8 .)
    /               reduce using rule 74 (expr8 -> - expr8 .)
    *               reduce using rule 74 (expr8 -> - expr8 .)
    -               reduce using rule 74 (expr8 -> - expr8 .)
    +               reduce using rule 74 (expr8 -> - expr8 .)
    GE              reduce using rule 74 (expr8 -> - expr8 .)
    >               reduce using rule 74 (expr8 -> - expr8 .)
    LE              reduce using rule 74 (expr8 -> - expr8 .)
    <               reduce using rule 74 (expr8 -> - expr8 .)
    NE              reduce using rule 74 (expr8 -> - expr8 .)
    EQ              reduce using rule 74 (expr8 -> - expr8 .)
    LAND            reduce using rule 74 (expr8 -> - expr8 .)
    LOR             reduce using rule 74 (expr8 -> - expr8 .)
    ;               reduce using rule 74 (expr8 -> - expr8 .)
    ,               reduce using rule 74 (expr8 -> - expr8 .)
    }               reduce using rule 74 (expr8 -> - expr8 .)
    )               reduce using rule 74 (expr8 -> - expr8 .)
    ]               reduce using rule 74 (expr8 -> - expr8 .)


state 113

    (79) group -> ID . array_index
    (80) group -> ID . ( opt_expr_list )
    (94) factor -> ID .
    (82) array_index -> . [ expr ]
    (               shift and go to state 95
    DEC             reduce using rule 94 (factor -> ID .)
    INC             reduce using rule 94 (factor -> ID .)
    ^               reduce using rule 94 (factor -> ID .)
    %               reduce using rule 94 (factor -> ID .)
    /               reduce using rule 94 (factor -> ID .)
    *               reduce using rule 94 (factor -> ID .)
    -               reduce using rule 94 (factor -> ID .)
    +               reduce using rule 94 (factor -> ID .)
    GE              reduce using rule 94 (factor -> ID .)
    >               reduce using rule 94 (factor -> ID .)
    LE              reduce using rule 94 (factor -> ID .)
    <               reduce using rule 94 (factor -> ID .)
    NE              reduce using rule 94 (factor -> ID .)
    EQ              reduce using rule 94 (factor -> ID .)
    LAND            reduce using rule 94 (factor -> ID .)
    LOR             reduce using rule 94 (factor -> ID .)
    ;               reduce using rule 94 (factor -> ID .)
    ,               reduce using rule 94 (factor -> ID .)
    }               reduce using rule 94 (factor -> ID .)
    )               reduce using rule 94 (factor -> ID .)
    ]               reduce using rule 94 (factor -> ID .)
    [               shift and go to state 96

    array_index                    shift and go to state 162

state 114

    (71) expr7 -> expr7 ^ . expr8
    (72) expr8 -> . expr9
    (73) expr8 -> . NOT expr8
    (74) expr8 -> . - expr8
    (75) expr9 -> . group
    (76) expr9 -> . expr9 DEC
    (77) expr9 -> . expr9 INC
    (78) group -> . factor
    (79) group -> . ID array_index
    (80) group -> . ID ( opt_expr_list )
    (81) group -> . ( expr )
    (88) factor -> . FALSE
    (89) factor -> . TRUE
    (90) factor -> . STRING_LIT
    (91) factor -> . CHAR_LIT
    (92) factor -> . INT_LIT
    (93) factor -> . FLOAT_LIT
    (94) factor -> . ID
    NOT             shift and go to state 45
    -               shift and go to state 41
    ID              shift and go to state 113
    (               shift and go to state 48
    FALSE           shift and go to state 49
    TRUE            shift and go to state 50
    STRING_LIT      shift and go to state 51
    CHAR_LIT        shift and go to state 52
    INT_LIT         shift and go to state 53
    FLOAT_LIT       shift and go to state 54

    expr8                          shift and go to state 163
    expr9                          shift and go to state 44
    group                          shift and go to state 46
    factor                         shift and go to state 47

state 115

    (76) expr9 -> expr9 DEC .
    DEC             reduce using rule 76 (expr9 -> expr9 DEC .)
    INC             reduce using rule 76 (expr9 -> expr9 DEC .)
    ^               reduce using rule 76 (expr9 -> expr9 DEC .)
    %               reduce using rule 76 (expr9 -> expr9 DEC .)
    /               reduce using rule 76 (expr9 -> expr9 DEC .)
    *               reduce using rule 76 (expr9 -> expr9 DEC .)
    -               reduce using rule 76 (expr9 -> expr9 DEC .)
    +               reduce using rule 76 (expr9 -> expr9 DEC .)
    GE              reduce using rule 76 (expr9 -> expr9 DEC .)
    >               reduce using rule 76 (expr9 -> expr9 DEC .)
    LE              reduce using rule 76 (expr9 -> expr9 DEC .)
    <               reduce using rule 76 (expr9 -> expr9 DEC .)
    NE              reduce using rule 76 (expr9 -> expr9 DEC .)
    EQ              reduce using rule 76 (expr9 -> expr9 DEC .)
    LAND            reduce using rule 76 (expr9 -> expr9 DEC .)
    LOR             reduce using rule 76 (expr9 -> expr9 DEC .)
    ;               reduce using rule 76 (expr9 -> expr9 DEC .)
    ,               reduce using rule 76 (expr9 -> expr9 DEC .)
    }               reduce using rule 76 (expr9 -> expr9 DEC .)
    )               reduce using rule 76 (expr9 -> expr9 DEC .)
    ]               reduce using rule 76 (expr9 -> expr9 DEC .)


state 116

    (77) expr9 -> expr9 INC .
    DEC             reduce using rule 77 (expr9 -> expr9 INC .)
    INC             reduce using rule 77 (expr9 -> expr9 INC .)
    ^               reduce using rule 77 (expr9 -> expr9 INC .)
    %               reduce using rule 77 (expr9 -> expr9 INC .)
    /               reduce using rule 77 (expr9 -> expr9 INC .)
    *               reduce using rule 77 (expr9 -> expr9 INC .)
    -               reduce using rule 77 (expr9 -> expr9 INC .)
    +               reduce using rule 77 (expr9 -> expr9 INC .)
    GE              reduce using rule 77 (expr9 -> expr9 INC .)
    >               reduce using rule 77 (expr9 -> expr9 INC .)
    LE              reduce using rule 77 (expr9 -> expr9 INC .)
    <               reduce using rule 77 (expr9 -> expr9 INC .)
    NE              reduce using rule 77 (expr9 -> expr9 INC .)
    EQ              reduce using rule 77 (expr9 -> expr9 INC .)
    LAND            reduce using rule 77 (expr9 -> expr9 INC .)
    LOR             reduce using rule 77 (expr9 -> expr9 INC .)
    ;               reduce using rule 77 (expr9 -> expr9 INC .)
    ,               reduce using rule 77 (expr9 -> expr9 INC .)
    }               reduce using rule 77 (expr9 -> expr9 INC .)
    )               reduce using rule 77 (expr9 -> expr9 INC .)
    ]               reduce using rule 77 (expr9 -> expr9 INC .)


state 117

    (73) expr8 -> NOT expr8 .
    ^               reduce using rule 73 (expr8 -> NOT expr8 .)
    %               reduce using rule 73 (expr8 -> NOT expr8 .)
    /               reduce using rule 73 (expr8 -> NOT expr8 .)
    *               reduce using rule 73 (expr8 -> NOT expr8 .)
    -               reduce using rule 73 (expr8 -> NOT expr8 .)
    +               reduce using rule 73 (expr8 -> NOT expr8 .)
    GE              reduce using rule 73 (expr8 -> NOT expr8 .)
    >               reduce using rule 73 (expr8 -> NOT expr8 .)
    LE              reduce using rule 73 (expr8 -> NOT expr8 .)
    <               reduce using rule 73 (expr8 -> NOT expr8 .)
    NE              reduce using rule 73 (expr8 -> NOT expr8 .)
    EQ              reduce using rule 73 (expr8 -> NOT expr8 .)
    LAND            reduce using rule 73 (expr8 -> NOT expr8 .)
    LOR             reduce using rule 73 (expr8 -> NOT expr8 .)
    ;               reduce using rule 73 (expr8 -> NOT expr8 .)
    ,               reduce using rule 73 (expr8 -> NOT expr8 .)
    }               reduce using rule 73 (expr8 -> NOT expr8 .)
    )               reduce using rule 73 (expr8 -> NOT expr8 .)
    ]               reduce using rule 73 (expr8 -> NOT expr8 .)


state 118

    (81) group -> ( expr . )
    )               shift and go to state 164


state 119

    (105) type_func -> FUNCTION type_array_sized ( opt_param_list . )
    )               shift and go to state 165


state 120

    (107) opt_param_list -> param_list .
    (109) param_list -> param_list . , param
    )               reduce using rule 107 (opt_param_list -> param_list .)
    ,               shift and go to state 166


state 121

    (108) opt_param_list -> empty .
    )               reduce using rule 108 (opt_param_list -> empty .)


state 122

    (110) param_list -> param .
    ,               reduce using rule 110 (param_list -> param .)
    )               reduce using rule 110 (param_list -> param .)


state 123

    (111) param -> ID . : type_array_sized
    (112) param -> ID . : type_array
    (113) param -> ID . : type_simple
    :               shift and go to state 167


state 124

    (106) type_func -> FUNCTION type_simple ( opt_param_list . )
    )               shift and go to state 168


state 125

    (83) array_size_decl -> [ array_size_expr ] .
    ARRAY           reduce using rule 83 (array_size_decl -> [ array_size_expr ] .)
    VOID            reduce using rule 83 (array_size_decl -> [ array_size_expr ] .)
    STRING          reduce using rule 83 (array_size_decl -> [ array_size_expr ] .)
    CHAR            reduce using rule 83 (array_size_decl -> [ array_size_expr ] .)
    BOOLEAN         reduce using rule 83 (array_size_decl -> [ array_size_expr ] .)
    FLOAT           reduce using rule 83 (array_size_decl -> [ array_size_expr ] .)
    INTEGER         reduce using rule 83 (array_size_decl -> [ array_size_expr ] .)


state 126

    (84) array_size_expr -> array_size_expr * . array_size_expr
    (84) array_size_expr -> . array_size_expr * array_size_expr
    (85) array_size_expr -> . array_size_expr + array_size_expr
    (86) array_size_expr -> . INT_LIT
    (87) array_size_expr -> . ID
    INT_LIT         shift and go to state 60
    ID              shift and go to state 61

    array_size_expr                shift and go to state 169

state 127

    (85) array_size_expr -> array_size_expr + . array_size_expr
    (84) array_size_expr -> . array_size_expr * array_size_expr
    (85) array_size_expr -> . array_size_expr + array_size_expr
    (86) array_size_expr -> . INT_LIT
    (87) array_size_expr -> . ID
    INT_LIT         shift and go to state 60
    ID              shift and go to state 61

    array_size_expr                shift and go to state 170

state 128

    (40) block_stmt -> { stmt_list . }
    }               shift and go to state 171


state 129

    (8) decl_init -> ID : type_func = { opt_stmt_list } .
    ID              reduce using rule 8 (decl_init -> ID : type_func = { opt_stmt_list } .)
    $end            reduce using rule 8 (decl_init -> ID : type_func = { opt_stmt_list } .)
    DO              reduce using rule 8 (decl_init -> ID : type_func = { opt_stmt_list } .)
    WHILE           reduce using rule 8 (decl_init -> ID : type_func = { opt_stmt_list } .)
    {               reduce using rule 8 (decl_init -> ID : type_func = { opt_stmt_list } .)
    RETURN          reduce using rule 8 (decl_init -> ID : type_func = { opt_stmt_list } .)
    PRINT           reduce using rule 8 (decl_init -> ID : type_func = { opt_stmt_list } .)
    FOR             reduce using rule 8 (decl_init -> ID : type_func = { opt_stmt_list } .)
    IF              reduce using rule 8 (decl_init -> ID : type_func = { opt_stmt_list } .)
    NOT             reduce using rule 8 (decl_init -> ID : type_func = { opt_stmt_list } .)
    -               reduce using rule 8 (decl_init -> ID : type_func = { opt_stmt_list } .)
    (               reduce using rule 8 (decl_init -> ID : type_func = { opt_stmt_list } .)
    FALSE           reduce using rule 8 (decl_init -> ID : type_func = { opt_stmt_list } .)
    TRUE            reduce using rule 8 (decl_init -> ID : type_func = { opt_stmt_list } .)
    STRING_LIT      reduce using rule 8 (decl_init -> ID : type_func = { opt_stmt_list } .)
    CHAR_LIT        reduce using rule 8 (decl_init -> ID : type_func = { opt_stmt_list } .)
    INT_LIT         reduce using rule 8 (decl_init -> ID : type_func = { opt_stmt_list } .)
    FLOAT_LIT       reduce using rule 8 (decl_init -> ID : type_func = { opt_stmt_list } .)
    }               reduce using rule 8 (decl_init -> ID : type_func = { opt_stmt_list } .)
    ELSE            reduce using rule 8 (decl_init -> ID : type_func = { opt_stmt_list } .)


state 130

    (13) stmt_list -> stmt stmt_list .
    }               reduce using rule 13 (stmt_list -> stmt stmt_list .)


state 131

    (31) simple_stmt -> expr ; .
    DO              reduce using rule 31 (simple_stmt -> expr ; .)
    WHILE           reduce using rule 31 (simple_stmt -> expr ; .)
    ID              reduce using rule 31 (simple_stmt -> expr ; .)
    {               reduce using rule 31 (simple_stmt -> expr ; .)
    RETURN          reduce using rule 31 (simple_stmt -> expr ; .)
    PRINT           reduce using rule 31 (simple_stmt -> expr ; .)
    FOR             reduce using rule 31 (simple_stmt -> expr ; .)
    IF              reduce using rule 31 (simple_stmt -> expr ; .)
    NOT             reduce using rule 31 (simple_stmt -> expr ; .)
    -               reduce using rule 31 (simple_stmt -> expr ; .)
    (               reduce using rule 31 (simple_stmt -> expr ; .)
    FALSE           reduce using rule 31 (simple_stmt -> expr ; .)
    TRUE            reduce using rule 31 (simple_stmt -> expr ; .)
    STRING_LIT      reduce using rule 31 (simple_stmt -> expr ; .)
    CHAR_LIT        reduce using rule 31 (simple_stmt -> expr ; .)
    INT_LIT         reduce using rule 31 (simple_stmt -> expr ; .)
    FLOAT_LIT       reduce using rule 31 (simple_stmt -> expr ; .)
    }               reduce using rule 31 (simple_stmt -> expr ; .)
    ELSE            reduce using rule 31 (simple_stmt -> expr ; .)


state 132

    (28) for_stmt_closed -> for_header closed_stmt .
    DO              reduce using rule 28 (for_stmt_closed -> for_header closed_stmt .)
    WHILE           reduce using rule 28 (for_stmt_closed -> for_header closed_stmt .)
    ID              reduce using rule 28 (for_stmt_closed -> for_header closed_stmt .)
    {               reduce using rule 28 (for_stmt_closed -> for_header closed_stmt .)
    RETURN          reduce using rule 28 (for_stmt_closed -> for_header closed_stmt .)
    PRINT           reduce using rule 28 (for_stmt_closed -> for_header closed_stmt .)
    FOR             reduce using rule 28 (for_stmt_closed -> for_header closed_stmt .)
    IF              reduce using rule 28 (for_stmt_closed -> for_header closed_stmt .)
    NOT             reduce using rule 28 (for_stmt_closed -> for_header closed_stmt .)
    -               reduce using rule 28 (for_stmt_closed -> for_header closed_stmt .)
    (               reduce using rule 28 (for_stmt_closed -> for_header closed_stmt .)
    FALSE           reduce using rule 28 (for_stmt_closed -> for_header closed_stmt .)
    TRUE            reduce using rule 28 (for_stmt_closed -> for_header closed_stmt .)
    STRING_LIT      reduce using rule 28 (for_stmt_closed -> for_header closed_stmt .)
    CHAR_LIT        reduce using rule 28 (for_stmt_closed -> for_header closed_stmt .)
    INT_LIT         reduce using rule 28 (for_stmt_closed -> for_header closed_stmt .)
    FLOAT_LIT       reduce using rule 28 (for_stmt_closed -> for_header closed_stmt .)
    }               reduce using rule 28 (for_stmt_closed -> for_header closed_stmt .)
    ELSE            reduce using rule 28 (for_stmt_closed -> for_header closed_stmt .)


state 133

    (27) for_stmt_open -> for_header open_stmt .
    DO              reduce using rule 27 (for_stmt_open -> for_header open_stmt .)
    WHILE           reduce using rule 27 (for_stmt_open -> for_header open_stmt .)
    ID              reduce using rule 27 (for_stmt_open -> for_header open_stmt .)
    {               reduce using rule 27 (for_stmt_open -> for_header open_stmt .)
    RETURN          reduce using rule 27 (for_stmt_open -> for_header open_stmt .)
    PRINT           reduce using rule 27 (for_stmt_open -> for_header open_stmt .)
    FOR             reduce using rule 27 (for_stmt_open -> for_header open_stmt .)
    IF              reduce using rule 27 (for_stmt_open -> for_header open_stmt .)
    NOT             reduce using rule 27 (for_stmt_open -> for_header open_stmt .)
    -               reduce using rule 27 (for_stmt_open -> for_header open_stmt .)
    (               reduce using rule 27 (for_stmt_open -> for_header open_stmt .)
    FALSE           reduce using rule 27 (for_stmt_open -> for_header open_stmt .)
    TRUE            reduce using rule 27 (for_stmt_open -> for_header open_stmt .)
    STRING_LIT      reduce using rule 27 (for_stmt_open -> for_header open_stmt .)
    CHAR_LIT        reduce using rule 27 (for_stmt_open -> for_header open_stmt .)
    INT_LIT         reduce using rule 27 (for_stmt_open -> for_header open_stmt .)
    FLOAT_LIT       reduce using rule 27 (for_stmt_open -> for_header open_stmt .)
    }               reduce using rule 27 (for_stmt_open -> for_header open_stmt .)
    ELSE            reduce using rule 27 (for_stmt_open -> for_header open_stmt .)


state 134

    (23) if_stmt_closed -> if_cond closed_stmt . ELSE closed_stmt
    (24) if_stmt_open -> if_cond closed_stmt . ELSE if_stmt_open
    (15) stmt -> closed_stmt .
  ! shift/reduce conflict for ELSE resolved as shift
    ELSE            shift and go to state 172
    DO              reduce using rule 15 (stmt -> closed_stmt .)
    WHILE           reduce using rule 15 (stmt -> closed_stmt .)
    ID              reduce using rule 15 (stmt -> closed_stmt .)
    {               reduce using rule 15 (stmt -> closed_stmt .)
    RETURN          reduce using rule 15 (stmt -> closed_stmt .)
    PRINT           reduce using rule 15 (stmt -> closed_stmt .)
    FOR             reduce using rule 15 (stmt -> closed_stmt .)
    IF              reduce using rule 15 (stmt -> closed_stmt .)
    NOT             reduce using rule 15 (stmt -> closed_stmt .)
    -               reduce using rule 15 (stmt -> closed_stmt .)
    (               reduce using rule 15 (stmt -> closed_stmt .)
    FALSE           reduce using rule 15 (stmt -> closed_stmt .)
    TRUE            reduce using rule 15 (stmt -> closed_stmt .)
    STRING_LIT      reduce using rule 15 (stmt -> closed_stmt .)
    CHAR_LIT        reduce using rule 15 (stmt -> closed_stmt .)
    INT_LIT         reduce using rule 15 (stmt -> closed_stmt .)
    FLOAT_LIT       reduce using rule 15 (stmt -> closed_stmt .)
    }               reduce using rule 15 (stmt -> closed_stmt .)


state 135

    (25) if_stmt_open -> if_cond stmt .
    DO              reduce using rule 25 (if_stmt_open -> if_cond stmt .)
    WHILE           reduce using rule 25 (if_stmt_open -> if_cond stmt .)
    ID              reduce using rule 25 (if_stmt_open -> if_cond stmt .)
    {               reduce using rule 25 (if_stmt_open -> if_cond stmt .)
    RETURN          reduce using rule 25 (if_stmt_open -> if_cond stmt .)
    PRINT           reduce using rule 25 (if_stmt_open -> if_cond stmt .)
    FOR             reduce using rule 25 (if_stmt_open -> if_cond stmt .)
    IF              reduce using rule 25 (if_stmt_open -> if_cond stmt .)
    NOT             reduce using rule 25 (if_stmt_open -> if_cond stmt .)
    -               reduce using rule 25 (if_stmt_open -> if_cond stmt .)
    (               reduce using rule 25 (if_stmt_open -> if_cond stmt .)
    FALSE           reduce using rule 25 (if_stmt_open -> if_cond stmt .)
    TRUE            reduce using rule 25 (if_stmt_open -> if_cond stmt .)
    STRING_LIT      reduce using rule 25 (if_stmt_open -> if_cond stmt .)
    CHAR_LIT        reduce using rule 25 (if_stmt_open -> if_cond stmt .)
    INT_LIT         reduce using rule 25 (if_stmt_open -> if_cond stmt .)
    FLOAT_LIT       reduce using rule 25 (if_stmt_open -> if_cond stmt .)
    }               reduce using rule 25 (if_stmt_open -> if_cond stmt .)
    ELSE            reduce using rule 25 (if_stmt_open -> if_cond stmt .)


state 136

    (37) dowhile_stmt -> DO stmt . WHILE ( expr ) ;
    WHILE           shift and go to state 173


state 137

    (36) while_stmt -> WHILE ( . expr ) stmt
    (47) expr -> . expr1
    (48) expr1 -> . expr2
    (49) expr1 -> . lval = expr1
    (52) expr2 -> . expr3
    (53) expr2 -> . expr2 LOR expr3
    (50) lval -> . ID array_index
    (51) lval -> . ID
    (54) expr3 -> . expr4
    (55) expr3 -> . expr3 LAND expr4
    (56) expr4 -> . expr5
    (57) expr4 -> . expr4 GE expr5
    (58) expr4 -> . expr4 > expr5
    (59) expr4 -> . expr4 LE expr5
    (60) expr4 -> . expr4 < expr5
    (61) expr4 -> . expr4 NE expr5
    (62) expr4 -> . expr4 EQ expr5
    (63) expr5 -> . expr6
    (64) expr5 -> . expr5 - expr6
    (65) expr5 -> . expr5 + expr6
    (66) expr6 -> . expr7
    (67) expr6 -> . expr6 % expr7
    (68) expr6 -> . expr6 / expr7
    (69) expr6 -> . expr6 * expr7
    (70) expr7 -> . expr8
    (71) expr7 -> . expr7 ^ expr8
    (72) expr8 -> . expr9
    (73) expr8 -> . NOT expr8
    (74) expr8 -> . - expr8
    (75) expr9 -> . group
    (76) expr9 -> . expr9 DEC
    (77) expr9 -> . expr9 INC
    (78) group -> . factor
    (79) group -> . ID array_index
    (80) group -> . ID ( opt_expr_list )
    (81) group -> . ( expr )
    (88) factor -> . FALSE
    (89) factor -> . TRUE
    (90) factor -> . STRING_LIT
    (91) factor -> . CHAR_LIT
    (92) factor -> . INT_LIT
    (93) factor -> . FLOAT_LIT
    (94) factor -> . ID
    ID              shift and go to state 32
    NOT             shift and go to state 45
    -               shift and go to state 41
    (               shift and go to state 48
    FALSE           shift and go to state 49
    TRUE            shift and go to state 50
    STRING_LIT      shift and go to state 51
    CHAR_LIT        shift and go to state 52
    INT_LIT         shift and go to state 53
    FLOAT_LIT       shift and go to state 54

    expr                           shift and go to state 174
    expr1                          shift and go to state 34
    expr2                          shift and go to state 35
    lval                           shift and go to state 36
    expr3                          shift and go to state 37
    expr4                          shift and go to state 38
    expr5                          shift and go to state 39
    expr6                          shift and go to state 40
    expr7                          shift and go to state 42
    expr8                          shift and go to state 43
    expr9                          shift and go to state 44
    group                          shift and go to state 46
    factor                         shift and go to state 47

state 138

    (39) return_stmt -> RETURN opt_expr . ;
    ;               shift and go to state 175


state 139

    (45) opt_expr -> expr .
    ;               reduce using rule 45 (opt_expr -> expr .)
    )               reduce using rule 45 (opt_expr -> expr .)


state 140

    (46) opt_expr -> empty .
    ;               reduce using rule 46 (opt_expr -> empty .)
    )               reduce using rule 46 (opt_expr -> empty .)


state 141

    (38) print_stmt -> PRINT opt_expr_list . ;
    ;               shift and go to state 176


state 142

    (26) for_header -> FOR ( . opt_expr ; opt_expr ; opt_expr )
    (45) opt_expr -> . expr
    (46) opt_expr -> . empty
    (47) expr -> . expr1
    (114) empty -> .
    (48) expr1 -> . expr2
    (49) expr1 -> . lval = expr1
    (52) expr2 -> . expr3
    (53) expr2 -> . expr2 LOR expr3
    (50) lval -> . ID array_index
    (51) lval -> . ID
    (54) expr3 -> . expr4
    (55) expr3 -> . expr3 LAND expr4
    (56) expr4 -> . expr5
    (57) expr4 -> . expr4 GE expr5
    (58) expr4 -> . expr4 > expr5
    (59) expr4 -> . expr4 LE expr5
    (60) expr4 -> . expr4 < expr5
    (61) expr4 -> . expr4 NE expr5
    (62) expr4 -> . expr4 EQ expr5
    (63) expr5 -> . expr6
    (64) expr5 -> . expr5 - expr6
    (65) expr5 -> . expr5 + expr6
    (66) expr6 -> . expr7
    (67) expr6 -> . expr6 % expr7
    (68) expr6 -> . expr6 / expr7
    (69) expr6 -> . expr6 * expr7
    (70) expr7 -> . expr8
    (71) expr7 -> . expr7 ^ expr8
    (72) expr8 -> . expr9
    (73) expr8 -> . NOT expr8
    (74) expr8 -> . - expr8
    (75) expr9 -> . group
    (76) expr9 -> . expr9 DEC
    (77) expr9 -> . expr9 INC
    (78) group -> . factor
    (79) group -> . ID array_index
    (80) group -> . ID ( opt_expr_list )
    (81) group -> . ( expr )
    (88) factor -> . FALSE
    (89) factor -> . TRUE
    (90) factor -> . STRING_LIT
    (91) factor -> . CHAR_LIT
    (92) factor -> . INT_LIT
    (93) factor -> . FLOAT_LIT
    (94) factor -> . ID
    ;               reduce using rule 114 (empty -> .)
    ID              shift and go to state 32
    NOT             shift and go to state 45
    -               shift and go to state 41
    (               shift and go to state 48
    FALSE           shift and go to state 49
    TRUE            shift and go to state 50
    STRING_LIT      shift and go to state 51
    CHAR_LIT        shift and go to state 52
    INT_LIT         shift and go to state 53
    FLOAT_LIT       shift and go to state 54

    opt_expr                       shift and go to state 177
    expr                           shift and go to state 139
    empty                          shift and go to state 140
    expr1                          shift and go to state 34
    expr2                          shift and go to state 35
    lval                           shift and go to state 36
    expr3                          shift and go to state 37
    expr4                          shift and go to state 38
    expr5                          shift and go to state 39
    expr6                          shift and go to state 40
    expr7                          shift and go to state 42
    expr8                          shift and go to state 43
    expr9                          shift and go to state 44
    group                          shift and go to state 46
    factor                         shift and go to state 47

state 143

    (22) if_cond -> IF ( . opt_expr )
    (45) opt_expr -> . expr
    (46) opt_expr -> . empty
    (47) expr -> . expr1
    (114) empty -> .
    (48) expr1 -> . expr2
    (49) expr1 -> . lval = expr1
    (52) expr2 -> . expr3
    (53) expr2 -> . expr2 LOR expr3
    (50) lval -> . ID array_index
    (51) lval -> . ID
    (54) expr3 -> . expr4
    (55) expr3 -> . expr3 LAND expr4
    (56) expr4 -> . expr5
    (57) expr4 -> . expr4 GE expr5
    (58) expr4 -> . expr4 > expr5
    (59) expr4 -> . expr4 LE expr5
    (60) expr4 -> . expr4 < expr5
    (61) expr4 -> . expr4 NE expr5
    (62) expr4 -> . expr4 EQ expr5
    (63) expr5 -> . expr6
    (64) expr5 -> . expr5 - expr6
    (65) expr5 -> . expr5 + expr6
    (66) expr6 -> . expr7
    (67) expr6 -> . expr6 % expr7
    (68) expr6 -> . expr6 / expr7
    (69) expr6 -> . expr6 * expr7
    (70) expr7 -> . expr8
    (71) expr7 -> . expr7 ^ expr8
    (72) expr8 -> . expr9
    (73) expr8 -> . NOT expr8
    (74) expr8 -> . - expr8
    (75) expr9 -> . group
    (76) expr9 -> . expr9 DEC
    (77) expr9 -> . expr9 INC
    (78) group -> . factor
    (79) group -> . ID array_index
    (80) group -> . ID ( opt_expr_list )
    (81) group -> . ( expr )
    (88) factor -> . FALSE
    (89) factor -> . TRUE
    (90) factor -> . STRING_LIT
    (91) factor -> . CHAR_LIT
    (92) factor -> . INT_LIT
    (93) factor -> . FLOAT_LIT
    (94) factor -> . ID
    )               reduce using rule 114 (empty -> .)
    ID              shift and go to state 32
    NOT             shift and go to state 45
    -               shift and go to state 41
    (               shift and go to state 48
    FALSE           shift and go to state 49
    TRUE            shift and go to state 50
    STRING_LIT      shift and go to state 51
    CHAR_LIT        shift and go to state 52
    INT_LIT         shift and go to state 53
    FLOAT_LIT       shift and go to state 54

    opt_expr                       shift and go to state 178
    expr                           shift and go to state 139
    empty                          shift and go to state 140
    expr1                          shift and go to state 34
    expr2                          shift and go to state 35
    lval                           shift and go to state 36
    expr3                          shift and go to state 37
    expr4                          shift and go to state 38
    expr5                          shift and go to state 39
    expr6                          shift and go to state 40
    expr7                          shift and go to state 42
    expr8                          shift and go to state 43
    expr9                          shift and go to state 44
    group                          shift and go to state 46
    factor                         shift and go to state 47

state 144

    (9) decl_init -> ID : type_array_sized = { opt_expr_list } . ;
    ;               shift and go to state 179


state 145

    (43) expr_list -> expr , . expr_list
    (43) expr_list -> . expr , expr_list
    (44) expr_list -> . expr
    (47) expr -> . expr1
    (48) expr1 -> . expr2
    (49) expr1 -> . lval = expr1
    (52) expr2 -> . expr3
    (53) expr2 -> . expr2 LOR expr3
    (50) lval -> . ID array_index
    (51) lval -> . ID
    (54) expr3 -> . expr4
    (55) expr3 -> . expr3 LAND expr4
    (56) expr4 -> . expr5
    (57) expr4 -> . expr4 GE expr5
    (58) expr4 -> . expr4 > expr5
    (59) expr4 -> . expr4 LE expr5
    (60) expr4 -> . expr4 < expr5
    (61) expr4 -> . expr4 NE expr5
    (62) expr4 -> . expr4 EQ expr5
    (63) expr5 -> . expr6
    (64) expr5 -> . expr5 - expr6
    (65) expr5 -> . expr5 + expr6
    (66) expr6 -> . expr7
    (67) expr6 -> . expr6 % expr7
    (68) expr6 -> . expr6 / expr7
    (69) expr6 -> . expr6 * expr7
    (70) expr7 -> . expr8
    (71) expr7 -> . expr7 ^ expr8
    (72) expr8 -> . expr9
    (73) expr8 -> . NOT expr8
    (74) expr8 -> . - expr8
    (75) expr9 -> . group
    (76) expr9 -> . expr9 DEC
    (77) expr9 -> . expr9 INC
    (78) group -> . factor
    (79) group -> . ID array_index
    (80) group -> . ID ( opt_expr_list )
    (81) group -> . ( expr )
    (88) factor -> . FALSE
    (89) factor -> . TRUE
    (90) factor -> . STRING_LIT
    (91) factor -> . CHAR_LIT
    (92) factor -> . INT_LIT
    (93) factor -> . FLOAT_LIT
    (94) factor -> . ID
    ID              shift and go to state 32
    NOT             shift and go to state 45
    -               shift and go to state 41
    (               shift and go to state 48
    FALSE           shift and go to state 49
    TRUE            shift and go to state 50
    STRING_LIT      shift and go to state 51
    CHAR_LIT        shift and go to state 52
    INT_LIT         shift and go to state 53
    FLOAT_LIT       shift and go to state 54

    expr                           shift and go to state 93
    expr_list                      shift and go to state 180
    expr1                          shift and go to state 34
    expr2                          shift and go to state 35
    lval                           shift and go to state 36
    expr3                          shift and go to state 37
    expr4                          shift and go to state 38
    expr5                          shift and go to state 39
    expr6                          shift and go to state 40
    expr7                          shift and go to state 42
    expr8                          shift and go to state 43
    expr9                          shift and go to state 44
    group                          shift and go to state 46
    factor                         shift and go to state 47

state 146

    (80) group -> ID ( opt_expr_list . )
    )               shift and go to state 181


state 147

    (82) array_index -> [ expr . ]
    ]               shift and go to state 182


state 148

    (53) expr2 -> expr2 LOR expr3 .
    (55) expr3 -> expr3 . LAND expr4
    LOR             reduce using rule 53 (expr2 -> expr2 LOR expr3 .)
    ;               reduce using rule 53 (expr2 -> expr2 LOR expr3 .)
    ,               reduce using rule 53 (expr2 -> expr2 LOR expr3 .)
    }               reduce using rule 53 (expr2 -> expr2 LOR expr3 .)
    )               reduce using rule 53 (expr2 -> expr2 LOR expr3 .)
    ]               reduce using rule 53 (expr2 -> expr2 LOR expr3 .)
    LAND            shift and go to state 100


state 149

    (49) expr1 -> lval = expr1 .
    ;               reduce using rule 49 (expr1 -> lval = expr1 .)
    ,               reduce using rule 49 (expr1 -> lval = expr1 .)
    }               reduce using rule 49 (expr1 -> lval = expr1 .)
    )               reduce using rule 49 (expr1 -> lval = expr1 .)
    ]               reduce using rule 49 (expr1 -> lval = expr1 .)


state 150

    (55) expr3 -> expr3 LAND expr4 .
    (57) expr4 -> expr4 . GE expr5
    (58) expr4 -> expr4 . > expr5
    (59) expr4 -> expr4 . LE expr5
    (60) expr4 -> expr4 . < expr5
    (61) expr4 -> expr4 . NE expr5
    (62) expr4 -> expr4 . EQ expr5
    LAND            reduce using rule 55 (expr3 -> expr3 LAND expr4 .)
    LOR             reduce using rule 55 (expr3 -> expr3 LAND expr4 .)
    ;               reduce using rule 55 (expr3 -> expr3 LAND expr4 .)
    ,               reduce using rule 55 (expr3 -> expr3 LAND expr4 .)
    }               reduce using rule 55 (expr3 -> expr3 LAND expr4 .)
    )               reduce using rule 55 (expr3 -> expr3 LAND expr4 .)
    ]               reduce using rule 55 (expr3 -> expr3 LAND expr4 .)
    GE              shift and go to state 101
    >               shift and go to state 102
    LE              shift and go to state 103
    <               shift and go to state 104
    NE              shift and go to state 105
    EQ              shift and go to state 106


state 151

    (57) expr4 -> expr4 GE expr5 .
    (64) expr5 -> expr5 . - expr6
    (65) expr5 -> expr5 . + expr6
    GE              reduce using rule 57 (expr4 -> expr4 GE expr5 .)
    >               reduce using rule 57 (expr4 -> expr4 GE expr5 .)
    LE              reduce using rule 57 (expr4 -> expr4 GE expr5 .)
    <               reduce using rule 57 (expr4 -> expr4 GE expr5 .)
    NE              reduce using rule 57 (expr4 -> expr4 GE expr5 .)
    EQ              reduce using rule 57 (expr4 -> expr4 GE expr5 .)
    LAND            reduce using rule 57 (expr4 -> expr4 GE expr5 .)
    LOR             reduce using rule 57 (expr4 -> expr4 GE expr5 .)
    ;               reduce using rule 57 (expr4 -> expr4 GE expr5 .)
    ,               reduce using rule 57 (expr4 -> expr4 GE expr5 .)
    }               reduce using rule 57 (expr4 -> expr4 GE expr5 .)
    )               reduce using rule 57 (expr4 -> expr4 GE expr5 .)
    ]               reduce using rule 57 (expr4 -> expr4 GE expr5 .)
    -               shift and go to state 107
    +               shift and go to state 108


state 152

    (58) expr4 -> expr4 > expr5 .
    (64) expr5 -> expr5 . - expr6
    (65) expr5 -> expr5 . + expr6
    GE              reduce using rule 58 (expr4 -> expr4 > expr5 .)
    >               reduce using rule 58 (expr4 -> expr4 > expr5 .)
    LE              reduce using rule 58 (expr4 -> expr4 > expr5 .)
    <               reduce using rule 58 (expr4 -> expr4 > expr5 .)
    NE              reduce using rule 58 (expr4 -> expr4 > expr5 .)
    EQ              reduce using rule 58 (expr4 -> expr4 > expr5 .)
    LAND            reduce using rule 58 (expr4 -> expr4 > expr5 .)
    LOR             reduce using rule 58 (expr4 -> expr4 > expr5 .)
    ;               reduce using rule 58 (expr4 -> expr4 > expr5 .)
    ,               reduce using rule 58 (expr4 -> expr4 > expr5 .)
    }               reduce using rule 58 (expr4 -> expr4 > expr5 .)
    )               reduce using rule 58 (expr4 -> expr4 > expr5 .)
    ]               reduce using rule 58 (expr4 -> expr4 > expr5 .)
    -               shift and go to state 107
    +               shift and go to state 108


state 153

    (59) expr4 -> expr4 LE expr5 .
    (64) expr5 -> expr5 . - expr6
    (65) expr5 -> expr5 . + expr6
    GE              reduce using rule 59 (expr4 -> expr4 LE expr5 .)
    >               reduce using rule 59 (expr4 -> expr4 LE expr5 .)
    LE              reduce using rule 59 (expr4 -> expr4 LE expr5 .)
    <               reduce using rule 59 (expr4 -> expr4 LE expr5 .)
    NE              reduce using rule 59 (expr4 -> expr4 LE expr5 .)
    EQ              reduce using rule 59 (expr4 -> expr4 LE expr5 .)
    LAND            reduce using rule 59 (expr4 -> expr4 LE expr5 .)
    LOR             reduce using rule 59 (expr4 -> expr4 LE expr5 .)
    ;               reduce using rule 59 (expr4 -> expr4 LE expr5 .)
    ,               reduce using rule 59 (expr4 -> expr4 LE expr5 .)
    }               reduce using rule 59 (expr4 -> expr4 LE expr5 .)
    )               reduce using rule 59 (expr4 -> expr4 LE expr5 .)
    ]               reduce using rule 59 (expr4 -> expr4 LE expr5 .)
    -               shift and go to state 107
    +               shift and go to state 108


state 154

    (60) expr4 -> expr4 < expr5 .
    (64) expr5 -> expr5 . - expr6
    (65) expr5 -> expr5 . + expr6
    GE              reduce using rule 60 (expr4 -> expr4 < expr5 .)
    >               reduce using rule 60 (expr4 -> expr4 < expr5 .)
    LE              reduce using rule 60 (expr4 -> expr4 < expr5 .)
    <               reduce using rule 60 (expr4 -> expr4 < expr5 .)
    NE              reduce using rule 60 (expr4 -> expr4 < expr5 .)
    EQ              reduce using rule 60 (expr4 -> expr4 < expr5 .)
    LAND            reduce using rule 60 (expr4 -> expr4 < expr5 .)
    LOR             reduce using rule 60 (expr4 -> expr4 < expr5 .)
    ;               reduce using rule 60 (expr4 -> expr4 < expr5 .)
    ,               reduce using rule 60 (expr4 -> expr4 < expr5 .)
    }               reduce using rule 60 (expr4 -> expr4 < expr5 .)
    )               reduce using rule 60 (expr4 -> expr4 < expr5 .)
    ]               reduce using rule 60 (expr4 -> expr4 < expr5 .)
    -               shift and go to state 107
    +               shift and go to state 108


state 155

    (61) expr4 -> expr4 NE expr5 .
    (64) expr5 -> expr5 . - expr6
    (65) expr5 -> expr5 . + expr6
    GE              reduce using rule 61 (expr4 -> expr4 NE expr5 .)
    >               reduce using rule 61 (expr4 -> expr4 NE expr5 .)
    LE              reduce using rule 61 (expr4 -> expr4 NE expr5 .)
    <               reduce using rule 61 (expr4 -> expr4 NE expr5 .)
    NE              reduce using rule 61 (expr4 -> expr4 NE expr5 .)
    EQ              reduce using rule 61 (expr4 -> expr4 NE expr5 .)
    LAND            reduce using rule 61 (expr4 -> expr4 NE expr5 .)
    LOR             reduce using rule 61 (expr4 -> expr4 NE expr5 .)
    ;               reduce using rule 61 (expr4 -> expr4 NE expr5 .)
    ,               reduce using rule 61 (expr4 -> expr4 NE expr5 .)
    }               reduce using rule 61 (expr4 -> expr4 NE expr5 .)
    )               reduce using rule 61 (expr4 -> expr4 NE expr5 .)
    ]               reduce using rule 61 (expr4 -> expr4 NE expr5 .)
    -               shift and go to state 107
    +               shift and go to state 108


state 156

    (62) expr4 -> expr4 EQ expr5 .
    (64) expr5 -> expr5 . - expr6
    (65) expr5 -> expr5 . + expr6
    GE              reduce using rule 62 (expr4 -> expr4 EQ expr5 .)
    >               reduce using rule 62 (expr4 -> expr4 EQ expr5 .)
    LE              reduce using rule 62 (expr4 -> expr4 EQ expr5 .)
    <               reduce using rule 62 (expr4 -> expr4 EQ expr5 .)
    NE              reduce using rule 62 (expr4 -> expr4 EQ expr5 .)
    EQ              reduce using rule 62 (expr4 -> expr4 EQ expr5 .)
    LAND            reduce using rule 62 (expr4 -> expr4 EQ expr5 .)
    LOR             reduce using rule 62 (expr4 -> expr4 EQ expr5 .)
    ;               reduce using rule 62 (expr4 -> expr4 EQ expr5 .)
    ,               reduce using rule 62 (expr4 -> expr4 EQ expr5 .)
    }               reduce using rule 62 (expr4 -> expr4 EQ expr5 .)
    )               reduce using rule 62 (expr4 -> expr4 EQ expr5 .)
    ]               reduce using rule 62 (expr4 -> expr4 EQ expr5 .)
    -               shift and go to state 107
    +               shift and go to state 108


state 157

    (64) expr5 -> expr5 - expr6 .
    (67) expr6 -> expr6 . % expr7
    (68) expr6 -> expr6 . / expr7
    (69) expr6 -> expr6 . * expr7
    -               reduce using rule 64 (expr5 -> expr5 - expr6 .)
    +               reduce using rule 64 (expr5 -> expr5 - expr6 .)
    GE              reduce using rule 64 (expr5 -> expr5 - expr6 .)
    >               reduce using rule 64 (expr5 -> expr5 - expr6 .)
    LE              reduce using rule 64 (expr5 -> expr5 - expr6 .)
    <               reduce using rule 64 (expr5 -> expr5 - expr6 .)
    NE              reduce using rule 64 (expr5 -> expr5 - expr6 .)
    EQ              reduce using rule 64 (expr5 -> expr5 - expr6 .)
    LAND            reduce using rule 64 (expr5 -> expr5 - expr6 .)
    LOR             reduce using rule 64 (expr5 -> expr5 - expr6 .)
    ;               reduce using rule 64 (expr5 -> expr5 - expr6 .)
    ,               reduce using rule 64 (expr5 -> expr5 - expr6 .)
    }               reduce using rule 64 (expr5 -> expr5 - expr6 .)
    )               reduce using rule 64 (expr5 -> expr5 - expr6 .)
    ]               reduce using rule 64 (expr5 -> expr5 - expr6 .)
    %               shift and go to state 109
    /               shift and go to state 110
    *               shift and go to state 111


state 158

    (65) expr5 -> expr5 + expr6 .
    (67) expr6 -> expr6 . % expr7
    (68) expr6 -> expr6 . / expr7
    (69) expr6 -> expr6 . * expr7
    -               reduce using rule 65 (expr5 -> expr5 + expr6 .)
    +               reduce using rule 65 (expr5 -> expr5 + expr6 .)
    GE              reduce using rule 65 (expr5 -> expr5 + expr6 .)
    >               reduce using rule 65 (expr5 -> expr5 + expr6 .)
    LE              reduce using rule 65 (expr5 -> expr5 + expr6 .)
    <               reduce using rule 65 (expr5 -> expr5 + expr6 .)
    NE              reduce using rule 65 (expr5 -> expr5 + expr6 .)
    EQ              reduce using rule 65 (expr5 -> expr5 + expr6 .)
    LAND            reduce using rule 65 (expr5 -> expr5 + expr6 .)
    LOR             reduce using rule 65 (expr5 -> expr5 + expr6 .)
    ;               reduce using rule 65 (expr5 -> expr5 + expr6 .)
    ,               reduce using rule 65 (expr5 -> expr5 + expr6 .)
    }               reduce using rule 65 (expr5 -> expr5 + expr6 .)
    )               reduce using rule 65 (expr5 -> expr5 + expr6 .)
    ]               reduce using rule 65 (expr5 -> expr5 + expr6 .)
    %               shift and go to state 109
    /               shift and go to state 110
    *               shift and go to state 111


state 159

    (67) expr6 -> expr6 % expr7 .
    (71) expr7 -> expr7 . ^ expr8
    %               reduce using rule 67 (expr6 -> expr6 % expr7 .)
    /               reduce using rule 67 (expr6 -> expr6 % expr7 .)
    *               reduce using rule 67 (expr6 -> expr6 % expr7 .)
    -               reduce using rule 67 (expr6 -> expr6 % expr7 .)
    +               reduce using rule 67 (expr6 -> expr6 % expr7 .)
    GE              reduce using rule 67 (expr6 -> expr6 % expr7 .)
    >               reduce using rule 67 (expr6 -> expr6 % expr7 .)
    LE              reduce using rule 67 (expr6 -> expr6 % expr7 .)
    <               reduce using rule 67 (expr6 -> expr6 % expr7 .)
    NE              reduce using rule 67 (expr6 -> expr6 % expr7 .)
    EQ              reduce using rule 67 (expr6 -> expr6 % expr7 .)
    LAND            reduce using rule 67 (expr6 -> expr6 % expr7 .)
    LOR             reduce using rule 67 (expr6 -> expr6 % expr7 .)
    ;               reduce using rule 67 (expr6 -> expr6 % expr7 .)
    ,               reduce using rule 67 (expr6 -> expr6 % expr7 .)
    }               reduce using rule 67 (expr6 -> expr6 % expr7 .)
    )               reduce using rule 67 (expr6 -> expr6 % expr7 .)
    ]               reduce using rule 67 (expr6 -> expr6 % expr7 .)
    ^               shift and go to state 114


state 160

    (68) expr6 -> expr6 / expr7 .
    (71) expr7 -> expr7 . ^ expr8
    %               reduce using rule 68 (expr6 -> expr6 / expr7 .)
    /               reduce using rule 68 (expr6 -> expr6 / expr7 .)
    *               reduce using rule 68 (expr6 -> expr6 / expr7 .)
    -               reduce using rule 68 (expr6 -> expr6 / expr7 .)
    +               reduce using rule 68 (expr6 -> expr6 / expr7 .)
    GE              reduce using rule 68 (expr6 -> expr6 / expr7 .)
    >               reduce using rule 68 (expr6 -> expr6 / expr7 .)
    LE              reduce using rule 68 (expr6 -> expr6 / expr7 .)
    <               reduce using rule 68 (expr6 -> expr6 / expr7 .)
    NE              reduce using rule 68 (expr6 -> expr6 / expr7 .)
    EQ              reduce using rule 68 (expr6 -> expr6 / expr7 .)
    LAND            reduce using rule 68 (expr6 -> expr6 / expr7 .)
    LOR             reduce using rule 68 (expr6 -> expr6 / expr7 .)
    ;               reduce using rule 68 (expr6 -> expr6 / expr7 .)
    ,               reduce using rule 68 (expr6 -> expr6 / expr7 .)
    }               reduce using rule 68 (expr6 -> expr6 / expr7 .)
    )               reduce using rule 68 (expr6 -> expr6 / expr7 .)
    ]               reduce using rule 68 (expr6 -> expr6 / expr7 .)
    ^               shift and go to state 114


state 161

    (69) expr6 -> expr6 * expr7 .
    (71) expr7 -> expr7 . ^ expr8
    %               reduce using rule 69 (expr6 -> expr6 * expr7 .)
    /               reduce using rule 69 (expr6 -> expr6 * expr7 .)
    *               reduce using rule 69 (expr6 -> expr6 * expr7 .)
    -               reduce using rule 69 (expr6 -> expr6 * expr7 .)
    +               reduce using rule 69 (expr6 -> expr6 * expr7 .)
    GE              reduce using rule 69 (expr6 -> expr6 * expr7 .)
    >               reduce using rule 69 (expr6 -> expr6 * expr7 .)
    LE              reduce using rule 69 (expr6 -> expr6 * expr7 .)
    <               reduce using rule 69 (expr6 -> expr6 * expr7 .)
    NE              reduce using rule 69 (expr6 -> expr6 * expr7 .)
    EQ              reduce using rule 69 (expr6 -> expr6 * expr7 .)
    LAND            reduce using rule 69 (expr6 -> expr6 * expr7 .)
    LOR             reduce using rule 69 (expr6 -> expr6 * expr7 .)
    ;               reduce using rule 69 (expr6 -> expr6 * expr7 .)
    ,               reduce using rule 69 (expr6 -> expr6 * expr7 .)
    }               reduce using rule 69 (expr6 -> expr6 * expr7 .)
    )               reduce using rule 69 (expr6 -> expr6 * expr7 .)
    ]               reduce using rule 69 (expr6 -> expr6 * expr7 .)
    ^               shift and go to state 114


state 162

    (79) group -> ID array_index .
    DEC             reduce using rule 79 (group -> ID array_index .)
    INC             reduce using rule 79 (group -> ID array_index .)
    ^               reduce using rule 79 (group -> ID array_index .)
    %               reduce using rule 79 (group -> ID array_index .)
    /               reduce using rule 79 (group -> ID array_index .)
    *               reduce using rule 79 (group -> ID array_index .)
    -               reduce using rule 79 (group -> ID array_index .)
    +               reduce using rule 79 (group -> ID array_index .)
    GE              reduce using rule 79 (group -> ID array_index .)
    >               reduce using rule 79 (group -> ID array_index .)
    LE              reduce using rule 79 (group -> ID array_index .)
    <               reduce using rule 79 (group -> ID array_index .)
    NE              reduce using rule 79 (group -> ID array_index .)
    EQ              reduce using rule 79 (group -> ID array_index .)
    LAND            reduce using rule 79 (group -> ID array_index .)
    LOR             reduce using rule 79 (group -> ID array_index .)
    ;               reduce using rule 79 (group -> ID array_index .)
    ,               reduce using rule 79 (group -> ID array_index .)
    }               reduce using rule 79 (group -> ID array_index .)
    )               reduce using rule 79 (group -> ID array_index .)
    ]               reduce using rule 79 (group -> ID array_index .)


state 163

    (71) expr7 -> expr7 ^ expr8 .
    ^               reduce using rule 71 (expr7 -> expr7 ^ expr8 .)
    %               reduce using rule 71 (expr7 -> expr7 ^ expr8 .)
    /               reduce using rule 71 (expr7 -> expr7 ^ expr8 .)
    *               reduce using rule 71 (expr7 -> expr7 ^ expr8 .)
    -               reduce using rule 71 (expr7 -> expr7 ^ expr8 .)
    +               reduce using rule 71 (expr7 -> expr7 ^ expr8 .)
    GE              reduce using rule 71 (expr7 -> expr7 ^ expr8 .)
    >               reduce using rule 71 (expr7 -> expr7 ^ expr8 .)
    LE              reduce using rule 71 (expr7 -> expr7 ^ expr8 .)
    <               reduce using rule 71 (expr7 -> expr7 ^ expr8 .)
    NE              reduce using rule 71 (expr7 -> expr7 ^ expr8 .)
    EQ              reduce using rule 71 (expr7 -> expr7 ^ expr8 .)
    LAND            reduce using rule 71 (expr7 -> expr7 ^ expr8 .)
    LOR             reduce using rule 71 (expr7 -> expr7 ^ expr8 .)
    ;               reduce using rule 71 (expr7 -> expr7 ^ expr8 .)
    ,               reduce using rule 71 (expr7 -> expr7 ^ expr8 .)
    }               reduce using rule 71 (expr7 -> expr7 ^ expr8 .)
    )               reduce using rule 71 (expr7 -> expr7 ^ expr8 .)
    ]               reduce using rule 71 (expr7 -> expr7 ^ expr8 .)


state 164

    (81) group -> ( expr ) .
    DEC             reduce using rule 81 (group -> ( expr ) .)
    INC             reduce using rule 81 (group -> ( expr ) .)
    ^               reduce using rule 81 (group -> ( expr ) .)
    %               reduce using rule 81 (group -> ( expr ) .)
    /               reduce using rule 81 (group -> ( expr ) .)
    *               reduce using rule 81 (group -> ( expr ) .)
    -               reduce using rule 81 (group -> ( expr ) .)
    +               reduce using rule 81 (group -> ( expr ) .)
    GE              reduce using rule 81 (group -> ( expr ) .)
    >               reduce using rule 81 (group -> ( expr ) .)
    LE              reduce using rule 81 (group -> ( expr ) .)
    <               reduce using rule 81 (group -> ( expr ) .)
    NE              reduce using rule 81 (group -> ( expr ) .)
    EQ              reduce using rule 81 (group -> ( expr ) .)
    LAND            reduce using rule 81 (group -> ( expr ) .)
    LOR             reduce using rule 81 (group -> ( expr ) .)
    ;               reduce using rule 81 (group -> ( expr ) .)
    ,               reduce using rule 81 (group -> ( expr ) .)
    }               reduce using rule 81 (group -> ( expr ) .)
    )               reduce using rule 81 (group -> ( expr ) .)
    ]               reduce using rule 81 (group -> ( expr ) .)


state 165

    (105) type_func -> FUNCTION type_array_sized ( opt_param_list ) .
    ;               reduce using rule 105 (type_func -> FUNCTION type_array_sized ( opt_param_list ) .)
    =               reduce using rule 105 (type_func -> FUNCTION type_array_sized ( opt_param_list ) .)


state 166

    (109) param_list -> param_list , . param
    (111) param -> . ID : type_array_sized
    (112) param -> . ID : type_array
    (113) param -> . ID : type_simple
    ID              shift and go to state 123

    param                          shift and go to state 183

state 167

    (111) param -> ID : . type_array_sized
    (112) param -> ID : . type_array
    (113) param -> ID : . type_simple
    (103) type_array_sized -> . ARRAY array_size_decl type_array_sized
    (104) type_array_sized -> . ARRAY array_size_decl type_simple
    (101) type_array -> . ARRAY [ ] type_array
    (102) type_array -> . ARRAY [ ] type_simple
    (95) type_simple -> . VOID
    (96) type_simple -> . STRING
    (97) type_simple -> . CHAR
    (98) type_simple -> . BOOLEAN
    (99) type_simple -> . FLOAT
    (100) type_simple -> . INTEGER
    ARRAY           shift and go to state 187
    VOID            shift and go to state 14
    STRING          shift and go to state 15
    CHAR            shift and go to state 16
    BOOLEAN         shift and go to state 17
    FLOAT           shift and go to state 18
    INTEGER         shift and go to state 19

    type_array_sized               shift and go to state 184
    type_array                     shift and go to state 185
    type_simple                    shift and go to state 186

state 168

    (106) type_func -> FUNCTION type_simple ( opt_param_list ) .
    ;               reduce using rule 106 (type_func -> FUNCTION type_simple ( opt_param_list ) .)
    =               reduce using rule 106 (type_func -> FUNCTION type_simple ( opt_param_list ) .)


state 169

    (84) array_size_expr -> array_size_expr * array_size_expr .
    (84) array_size_expr -> array_size_expr . * array_size_expr
    (85) array_size_expr -> array_size_expr . + array_size_expr
    ]               reduce using rule 84 (array_size_expr -> array_size_expr * array_size_expr .)
    *               reduce using rule 84 (array_size_expr -> array_size_expr * array_size_expr .)
    +               reduce using rule 84 (array_size_expr -> array_size_expr * array_size_expr .)


state 170

    (85) array_size_expr -> array_size_expr + array_size_expr .
    (84) array_size_expr -> array_size_expr . * array_size_expr
    (85) array_size_expr -> array_size_expr . + array_size_expr
    ]               reduce using rule 85 (array_size_expr -> array_size_expr + array_size_expr .)
    +               reduce using rule 85 (array_size_expr -> array_size_expr + array_size_expr .)
    *               shift and go to state 126


state 171

    (40) block_stmt -> { stmt_list } .
    DO              reduce using rule 40 (block_stmt -> { stmt_list } .)
    WHILE           reduce using rule 40 (block_stmt -> { stmt_list } .)
    ID              reduce using rule 40 (block_stmt -> { stmt_list } .)
    {               reduce using rule 40 (block_stmt -> { stmt_list } .)
    RETURN          reduce using rule 40 (block_stmt -> { stmt_list } .)
    PRINT           reduce using rule 40 (block_stmt -> { stmt_list } .)
    FOR             reduce using rule 40 (block_stmt -> { stmt_list } .)
    IF              reduce using rule 40 (block_stmt -> { stmt_list } .)
    NOT             reduce using rule 40 (block_stmt -> { stmt_list } .)
    -               reduce using rule 40 (block_stmt -> { stmt_list } .)
    (               reduce using rule 40 (block_stmt -> { stmt_list } .)
    FALSE           reduce using rule 40 (block_stmt -> { stmt_list } .)
    TRUE            reduce using rule 40 (block_stmt -> { stmt_list } .)
    STRING_LIT      reduce using rule 40 (block_stmt -> { stmt_list } .)
    CHAR_LIT        reduce using rule 40 (block_stmt -> { stmt_list } .)
    INT_LIT         reduce using rule 40 (block_stmt -> { stmt_list } .)
    FLOAT_LIT       reduce using rule 40 (block_stmt -> { stmt_list } .)
    }               reduce using rule 40 (block_stmt -> { stmt_list } .)
    ELSE            reduce using rule 40 (block_stmt -> { stmt_list } .)


state 172

    (23) if_stmt_closed -> if_cond closed_stmt ELSE . closed_stmt
    (24) if_stmt_open -> if_cond closed_stmt ELSE . if_stmt_open
    (17) closed_stmt -> . simple_stmt
    (18) closed_stmt -> . for_stmt_closed
    (19) closed_stmt -> . if_stmt_closed
    (24) if_stmt_open -> . if_cond closed_stmt ELSE if_stmt_open
    (25) if_stmt_open -> . if_cond stmt
    (29) simple_stmt -> . dowhile_stmt
    (30) simple_stmt -> . while_stmt
    (31) simple_stmt -> . expr ;
    (32) simple_stmt -> . decl
    (33) simple_stmt -> . block_stmt
    (34) simple_stmt -> . return_stmt
    (35) simple_stmt -> . print_stmt
    (28) for_stmt_closed -> . for_header closed_stmt
    (23) if_stmt_closed -> . if_cond closed_stmt ELSE closed_stmt
    (22) if_cond -> . IF ( opt_expr )
    (37) dowhile_stmt -> . DO stmt WHILE ( expr ) ;
    (36) while_stmt -> . WHILE ( expr ) stmt
    (47) expr -> . expr1
    (4) decl -> . decl_init
    (5) decl -> . ID : type_func ;
    (6) decl -> . ID : type_array_sized ;
    (7) decl -> . ID : type_simple ;
    (40) block_stmt -> . { stmt_list }
    (39) return_stmt -> . RETURN opt_expr ;
    (38) print_stmt -> . PRINT opt_expr_list ;
    (26) for_header -> . FOR ( opt_expr ; opt_expr ; opt_expr )
    (48) expr1 -> . expr2
    (49) expr1 -> . lval = expr1
    (8) decl_init -> . ID : type_func = { opt_stmt_list }
    (9) decl_init -> . ID : type_array_sized = { opt_expr_list } ;
    (10) decl_init -> . ID : type_simple = expr ;
    (52) expr2 -> . expr3
    (53) expr2 -> . expr2 LOR expr3
    (50) lval -> . ID array_index
    (51) lval -> . ID
    (54) expr3 -> . expr4
    (55) expr3 -> . expr3 LAND expr4
    (56) expr4 -> . expr5
    (57) expr4 -> . expr4 GE expr5
    (58) expr4 -> . expr4 > expr5
    (59) expr4 -> . expr4 LE expr5
    (60) expr4 -> . expr4 < expr5
    (61) expr4 -> . expr4 NE expr5
    (62) expr4 -> . expr4 EQ expr5
    (63) expr5 -> . expr6
    (64) expr5 -> . expr5 - expr6
    (65) expr5 -> . expr5 + expr6
    (66) expr6 -> . expr7
    (67) expr6 -> . expr6 % expr7
    (68) expr6 -> . expr6 / expr7
    (69) expr6 -> . expr6 * expr7
    (70) expr7 -> . expr8
    (71) expr7 -> . expr7 ^ expr8
    (72) expr8 -> . expr9
    (73) expr8 -> . NOT expr8
    (74) expr8 -> . - expr8
    (75) expr9 -> . group
    (76) expr9 -> . expr9 DEC
    (77) expr9 -> . expr9 INC
    (78) group -> . factor
    (79) group -> . ID array_index
    (80) group -> . ID ( opt_expr_list )
    (81) group -> . ( expr )
    (88) factor -> . FALSE
    (89) factor -> . TRUE
    (90) factor -> . STRING_LIT
    (91) factor -> . CHAR_LIT
    (92) factor -> . INT_LIT
    (93) factor -> . FLOAT_LIT
    (94) factor -> . ID
    IF              shift and go to state 89
    DO              shift and go to state 84
    WHILE           shift and go to state 85
    ID              shift and go to state 62
    {               shift and go to state 63
    RETURN          shift and go to state 86
    PRINT           shift and go to state 87
    FOR             shift and go to state 88
    NOT             shift and go to state 45
    -               shift and go to state 41
    (               shift and go to state 48
    FALSE           shift and go to state 49
    TRUE            shift and go to state 50
    STRING_LIT      shift and go to state 51
    CHAR_LIT        shift and go to state 52
    INT_LIT         shift and go to state 53
    FLOAT_LIT       shift and go to state 54

    if_cond                        shift and go to state 188
    closed_stmt                    shift and go to state 189
    if_stmt_open                   shift and go to state 190
    simple_stmt                    shift and go to state 70
    for_stmt_closed                shift and go to state 71
    if_stmt_closed                 shift and go to state 72
    dowhile_stmt                   shift and go to state 75
    while_stmt                     shift and go to state 76
    expr                           shift and go to state 77
    decl                           shift and go to state 78
    block_stmt                     shift and go to state 79
    return_stmt                    shift and go to state 80
    print_stmt                     shift and go to state 81
    for_header                     shift and go to state 191
    expr1                          shift and go to state 34
    decl_init                      shift and go to state 5
    expr2                          shift and go to state 35
    lval                           shift and go to state 36
    expr3                          shift and go to state 37
    expr4                          shift and go to state 38
    expr5                          shift and go to state 39
    expr6                          shift and go to state 40
    expr7                          shift and go to state 42
    expr8                          shift and go to state 43
    expr9                          shift and go to state 44
    group                          shift and go to state 46
    factor                         shift and go to state 47

state 173

    (37) dowhile_stmt -> DO stmt WHILE . ( expr ) ;
    (               shift and go to state 192


state 174

    (36) while_stmt -> WHILE ( expr . ) stmt
    )               shift and go to state 193


state 175

    (39) return_stmt -> RETURN opt_expr ; .
    DO              reduce using rule 39 (return_stmt -> RETURN opt_expr ; .)
    WHILE           reduce using rule 39 (return_stmt -> RETURN opt_expr ; .)
    ID              reduce using rule 39 (return_stmt -> RETURN opt_expr ; .)
    {               reduce using rule 39 (return_stmt -> RETURN opt_expr ; .)
    RETURN          reduce using rule 39 (return_stmt -> RETURN opt_expr ; .)
    PRINT           reduce using rule 39 (return_stmt -> RETURN opt_expr ; .)
    FOR             reduce using rule 39 (return_stmt -> RETURN opt_expr ; .)
    IF              reduce using rule 39 (return_stmt -> RETURN opt_expr ; .)
    NOT             reduce using rule 39 (return_stmt -> RETURN opt_expr ; .)
    -               reduce using rule 39 (return_stmt -> RETURN opt_expr ; .)
    (               reduce using rule 39 (return_stmt -> RETURN opt_expr ; .)
    FALSE           reduce using rule 39 (return_stmt -> RETURN opt_expr ; .)
    TRUE            reduce using rule 39 (return_stmt -> RETURN opt_expr ; .)
    STRING_LIT      reduce using rule 39 (return_stmt -> RETURN opt_expr ; .)
    CHAR_LIT        reduce using rule 39 (return_stmt -> RETURN opt_expr ; .)
    INT_LIT         reduce using rule 39 (return_stmt -> RETURN opt_expr ; .)
    FLOAT_LIT       reduce using rule 39 (return_stmt -> RETURN opt_expr ; .)
    }               reduce using rule 39 (return_stmt -> RETURN opt_expr ; .)
    ELSE            reduce using rule 39 (return_stmt -> RETURN opt_expr ; .)


state 176

    (38) print_stmt -> PRINT opt_expr_list ; .
    DO              reduce using rule 38 (print_stmt -> PRINT opt_expr_list ; .)
    WHILE           reduce using rule 38 (print_stmt -> PRINT opt_expr_list ; .)
    ID              reduce using rule 38 (print_stmt -> PRINT opt_expr_list ; .)
    {               reduce using rule 38 (print_stmt -> PRINT opt_expr_list ; .)
    RETURN          reduce using rule 38 (print_stmt -> PRINT opt_expr_list ; .)
    PRINT           reduce using rule 38 (print_stmt -> PRINT opt_expr_list ; .)
    FOR             reduce using rule 38 (print_stmt -> PRINT opt_expr_list ; .)
    IF              reduce using rule 38 (print_stmt -> PRINT opt_expr_list ; .)
    NOT             reduce using rule 38 (print_stmt -> PRINT opt_expr_list ; .)
    -               reduce using rule 38 (print_stmt -> PRINT opt_expr_list ; .)
    (               reduce using rule 38 (print_stmt -> PRINT opt_expr_list ; .)
    FALSE           reduce using rule 38 (print_stmt -> PRINT opt_expr_list ; .)
    TRUE            reduce using rule 38 (print_stmt -> PRINT opt_expr_list ; .)
    STRING_LIT      reduce using rule 38 (print_stmt -> PRINT opt_expr_list ; .)
    CHAR_LIT        reduce using rule 38 (print_stmt -> PRINT opt_expr_list ; .)
    INT_LIT         reduce using rule 38 (print_stmt -> PRINT opt_expr_list ; .)
    FLOAT_LIT       reduce using rule 38 (print_stmt -> PRINT opt_expr_list ; .)
    }               reduce using rule 38 (print_stmt -> PRINT opt_expr_list ; .)
    ELSE            reduce using rule 38 (print_stmt -> PRINT opt_expr_list ; .)


state 177

    (26) for_header -> FOR ( opt_expr . ; opt_expr ; opt_expr )
    ;               shift and go to state 194


state 178

    (22) if_cond -> IF ( opt_expr . )
    )               shift and go to state 195


state 179

    (9) decl_init -> ID : type_array_sized = { opt_expr_list } ; .
    ID              reduce using rule 9 (decl_init -> ID : type_array_sized = { opt_expr_list } ; .)
    $end            reduce using rule 9 (decl_init -> ID : type_array_sized = { opt_expr_list } ; .)
    DO              reduce using rule 9 (decl_init -> ID : type_array_sized = { opt_expr_list } ; .)
    WHILE           reduce using rule 9 (decl_init -> ID : type_array_sized = { opt_expr_list } ; .)
    {               reduce using rule 9 (decl_init -> ID : type_array_sized = { opt_expr_list } ; .)
    RETURN          reduce using rule 9 (decl_init -> ID : type_array_sized = { opt_expr_list } ; .)
    PRINT           reduce using rule 9 (decl_init -> ID : type_array_sized = { opt_expr_list } ; .)
    FOR             reduce using rule 9 (decl_init -> ID : type_array_sized = { opt_expr_list } ; .)
    IF              reduce using rule 9 (decl_init -> ID : type_array_sized = { opt_expr_list } ; .)
    NOT             reduce using rule 9 (decl_init -> ID : type_array_sized = { opt_expr_list } ; .)
    -               reduce using rule 9 (decl_init -> ID : type_array_sized = { opt_expr_list } ; .)
    (               reduce using rule 9 (decl_init -> ID : type_array_sized = { opt_expr_list } ; .)
    FALSE           reduce using rule 9 (decl_init -> ID : type_array_sized = { opt_expr_list } ; .)
    TRUE            reduce using rule 9 (decl_init -> ID : type_array_sized = { opt_expr_list } ; .)
    STRING_LIT      reduce using rule 9 (decl_init -> ID : type_array_sized = { opt_expr_list } ; .)
    CHAR_LIT        reduce using rule 9 (decl_init -> ID : type_array_sized = { opt_expr_list } ; .)
    INT_LIT         reduce using rule 9 (decl_init -> ID : type_array_sized = { opt_expr_list } ; .)
    FLOAT_LIT       reduce using rule 9 (decl_init -> ID : type_array_sized = { opt_expr_list } ; .)
    }               reduce using rule 9 (decl_init -> ID : type_array_sized = { opt_expr_list } ; .)
    ELSE            reduce using rule 9 (decl_init -> ID : type_array_sized = { opt_expr_list } ; .)


state 180

    (43) expr_list -> expr , expr_list .
    }               reduce using rule 43 (expr_list -> expr , expr_list .)
    ;               reduce using rule 43 (expr_list -> expr , expr_list .)
    )               reduce using rule 43 (expr_list -> expr , expr_list .)


state 181

    (80) group -> ID ( opt_expr_list ) .
    DEC             reduce using rule 80 (group -> ID ( opt_expr_list ) .)
    INC             reduce using rule 80 (group -> ID ( opt_expr_list ) .)
    ^               reduce using rule 80 (group -> ID ( opt_expr_list ) .)
    %               reduce using rule 80 (group -> ID ( opt_expr_list ) .)
    /               reduce using rule 80 (group -> ID ( opt_expr_list ) .)
    *               reduce using rule 80 (group -> ID ( opt_expr_list ) .)
    -               reduce using rule 80 (group -> ID ( opt_expr_list ) .)
    +               reduce using rule 80 (group -> ID ( opt_expr_list ) .)
    GE              reduce using rule 80 (group -> ID ( opt_expr_list ) .)
    >               reduce using rule 80 (group -> ID ( opt_expr_list ) .)
    LE              reduce using rule 80 (group -> ID ( opt_expr_list ) .)
    <               reduce using rule 80 (group -> ID ( opt_expr_list ) .)
    NE              reduce using rule 80 (group -> ID ( opt_expr_list ) .)
    EQ              reduce using rule 80 (group -> ID ( opt_expr_list ) .)
    LAND            reduce using rule 80 (group -> ID ( opt_expr_list ) .)
    LOR             reduce using rule 80 (group -> ID ( opt_expr_list ) .)
    ;               reduce using rule 80 (group -> ID ( opt_expr_list ) .)
    ,               reduce using rule 80 (group -> ID ( opt_expr_list ) .)
    }               reduce using rule 80 (group -> ID ( opt_expr_list ) .)
    )               reduce using rule 80 (group -> ID ( opt_expr_list ) .)
    ]               reduce using rule 80 (group -> ID ( opt_expr_list ) .)


state 182

    (82) array_index -> [ expr ] .
    =               reduce using rule 82 (array_index -> [ expr ] .)
    DEC             reduce using rule 82 (array_index -> [ expr ] .)
    INC             reduce using rule 82 (array_index -> [ expr ] .)
    ^               reduce using rule 82 (array_index -> [ expr ] .)
    %               reduce using rule 82 (array_index -> [ expr ] .)
    /               reduce using rule 82 (array_index -> [ expr ] .)
    *               reduce using rule 82 (array_index -> [ expr ] .)
    -               reduce using rule 82 (array_index -> [ expr ] .)
    +               reduce using rule 82 (array_index -> [ expr ] .)
    GE              reduce using rule 82 (array_index -> [ expr ] .)
    >               reduce using rule 82 (array_index -> [ expr ] .)
    LE              reduce using rule 82 (array_index -> [ expr ] .)
    <               reduce using rule 82 (array_index -> [ expr ] .)
    NE              reduce using rule 82 (array_index -> [ expr ] .)
    EQ              reduce using rule 82 (array_index -> [ expr ] .)
    LAND            reduce using rule 82 (array_index -> [ expr ] .)
    LOR             reduce using rule 82 (array_index -> [ expr ] .)
    ;               reduce using rule 82 (array_index -> [ expr ] .)
    ,               reduce using rule 82 (array_index -> [ expr ] .)
    }               reduce using rule 82 (array_index -> [ expr ] .)
    )               reduce using rule 82 (array_index -> [ expr ] .)
    ]               reduce using rule 82 (array_index -> [ expr ] .)


state 183

    (109) param_list -> param_list , param .
    ,               reduce using rule 109 (param_list -> param_list , param .)
    )               reduce using rule 109 (param_list -> param_list , param .)


state 184

    (111) param -> ID : type_array_sized .
    ,               reduce using rule 111 (param -> ID : type_array_sized .)
    )               reduce using rule 111 (param -> ID : type_array_sized .)


state 185

    (112) param -> ID : type_array .
    ,               reduce using rule 112 (param -> ID : type_array .)
    )               reduce using rule 112 (param -> ID : type_array .)


state 186

    (113) param -> ID : type_simple .
    ,               reduce using rule 113 (param -> ID : type_simple .)
    )               reduce using rule 113 (param -> ID : type_simple .)


state 187

    (103) type_array_sized -> ARRAY . array_size_decl type_array_sized
    (104) type_array_sized -> ARRAY . array_size_decl type_simple
    (101) type_array -> ARRAY . [ ] type_array
    (102) type_array -> ARRAY . [ ] type_simple
    (83) array_size_decl -> . [ array_size_expr ]
    [               shift and go to state 196

    array_size_decl                shift and go to state 28

state 188

    (24) if_stmt_open -> if_cond . closed_stmt ELSE if_stmt_open
    (25) if_stmt_open -> if_cond . stmt
    (23) if_stmt_closed -> if_cond . closed_stmt ELSE closed_stmt
    (17) closed_stmt -> . simple_stmt
    (18) closed_stmt -> . for_stmt_closed
    (19) closed_stmt -> . if_stmt_closed
    (15) stmt -> . closed_stmt
    (16) stmt -> . open_stmt
    (29) simple_stmt -> . dowhile_stmt
    (30) simple_stmt -> . while_stmt
    (31) simple_stmt -> . expr ;
    (32) simple_stmt -> . decl
    (33) simple_stmt -> . block_stmt
    (34) simple_stmt -> . return_stmt
    (35) simple_stmt -> . print_stmt
    (28) for_stmt_closed -> . for_header closed_stmt
    (23) if_stmt_closed -> . if_cond closed_stmt ELSE closed_stmt
    (20) open_stmt -> . for_stmt_open
    (21) open_stmt -> . if_stmt_open
    (37) dowhile_stmt -> . DO stmt WHILE ( expr ) ;
    (36) while_stmt -> . WHILE ( expr ) stmt
    (47) expr -> . expr1
    (4) decl -> . decl_init
    (5) decl -> . ID : type_func ;
    (6) decl -> . ID : type_array_sized ;
    (7) decl -> . ID : type_simple ;
    (40) block_stmt -> . { stmt_list }
    (39) return_stmt -> . RETURN opt_expr ;
    (38) print_stmt -> . PRINT opt_expr_list ;
    (26) for_header -> . FOR ( opt_expr ; opt_expr ; opt_expr )
    (22) if_cond -> . IF ( opt_expr )
    (27) for_stmt_open -> . for_header open_stmt
    (24) if_stmt_open -> . if_cond closed_stmt ELSE if_stmt_open
    (25) if_stmt_open -> . if_cond stmt
    (48) expr1 -> . expr2
    (49) expr1 -> . lval = expr1
    (8) decl_init -> . ID : type_func = { opt_stmt_list }
    (9) decl_init -> . ID : type_array_sized = { opt_expr_list } ;
    (10) decl_init -> . ID : type_simple = expr ;
    (52) expr2 -> . expr3
    (53) expr2 -> . expr2 LOR expr3
    (50) lval -> . ID array_index
    (51) lval -> . ID
    (54) expr3 -> . expr4
    (55) expr3 -> . expr3 LAND expr4
    (56) expr4 -> . expr5
    (57) expr4 -> . expr4 GE expr5
    (58) expr4 -> . expr4 > expr5
    (59) expr4 -> . expr4 LE expr5
    (60) expr4 -> . expr4 < expr5
    (61) expr4 -> . expr4 NE expr5
    (62) expr4 -> . expr4 EQ expr5
    (63) expr5 -> . expr6
    (64) expr5 -> . expr5 - expr6
    (65) expr5 -> . expr5 + expr6
    (66) expr6 -> . expr7
    (67) expr6 -> . expr6 % expr7
    (68) expr6 -> . expr6 / expr7
    (69) expr6 -> . expr6 * expr7
    (70) expr7 -> . expr8
    (71) expr7 -> . expr7 ^ expr8
    (72) expr8 -> . expr9
    (73) expr8 -> . NOT expr8
    (74) expr8 -> . - expr8
    (75) expr9 -> . group
    (76) expr9 -> . expr9 DEC
    (77) expr9 -> . expr9 INC
    (78) group -> . factor
    (79) group -> . ID array_index
    (80) group -> . ID ( opt_expr_list )
    (81) group -> . ( expr )
    (88) factor -> . FALSE
    (89) factor -> . TRUE
    (90) factor -> . STRING_LIT
    (91) factor -> . CHAR_LIT
    (92) factor -> . INT_LIT
    (93) factor -> . FLOAT_LIT
    (94) factor -> . ID
    DO              shift and go to state 84
    WHILE           shift and go to state 85
    ID              shift and go to state 62
    {               shift and go to state 63
    RETURN          shift and go to state 86
    PRINT           shift and go to state 87
    FOR             shift and go to state 88
    IF              shift and go to state 89
    NOT             shift and go to state 45
    -               shift and go to state 41
    (               shift and go to state 48
    FALSE           shift and go to state 49
    TRUE            shift and go to state 50
    STRING_LIT      shift and go to state 51
    CHAR_LIT        shift and go to state 52
    INT_LIT         shift and go to state 53
    FLOAT_LIT       shift and go to state 54

    if_cond                        shift and go to state 83
    closed_stmt                    shift and go to state 197
    if_stmt_open                   shift and go to state 74
    stmt                           shift and go to state 135
    simple_stmt                    shift and go to state 70
    for_stmt_closed                shift and go to state 71
    if_stmt_closed                 shift and go to state 72
    open_stmt                      shift and go to state 69
    dowhile_stmt                   shift and go to state 75
    while_stmt                     shift and go to state 76
    expr                           shift and go to state 77
    decl                           shift and go to state 78
    block_stmt                     shift and go to state 79
    return_stmt                    shift and go to state 80
    print_stmt                     shift and go to state 81
    for_header                     shift and go to state 82
    for_stmt_open                  shift and go to state 73
    expr1                          shift and go to state 34
    decl_init                      shift and go to state 5
    expr2                          shift and go to state 35
    lval                           shift and go to state 36
    expr3                          shift and go to state 37
    expr4                          shift and go to state 38
    expr5                          shift and go to state 39
    expr6                          shift and go to state 40
    expr7                          shift and go to state 42
    expr8                          shift and go to state 43
    expr9                          shift and go to state 44
    group                          shift and go to state 46
    factor                         shift and go to state 47

state 189

    (23) if_stmt_closed -> if_cond closed_stmt ELSE closed_stmt .
    DO              reduce using rule 23 (if_stmt_closed -> if_cond closed_stmt ELSE closed_stmt .)
    WHILE           reduce using rule 23 (if_stmt_closed -> if_cond closed_stmt ELSE closed_stmt .)
    ID              reduce using rule 23 (if_stmt_closed -> if_cond closed_stmt ELSE closed_stmt .)
    {               reduce using rule 23 (if_stmt_closed -> if_cond closed_stmt ELSE closed_stmt .)
    RETURN          reduce using rule 23 (if_stmt_closed -> if_cond closed_stmt ELSE closed_stmt .)
    PRINT           reduce using rule 23 (if_stmt_closed -> if_cond closed_stmt ELSE closed_stmt .)
    FOR             reduce using rule 23 (if_stmt_closed -> if_cond closed_stmt ELSE closed_stmt .)
    IF              reduce using rule 23 (if_stmt_closed -> if_cond closed_stmt ELSE closed_stmt .)
    NOT             reduce using rule 23 (if_stmt_closed -> if_cond closed_stmt ELSE closed_stmt .)
    -               reduce using rule 23 (if_stmt_closed -> if_cond closed_stmt ELSE closed_stmt .)
    (               reduce using rule 23 (if_stmt_closed -> if_cond closed_stmt ELSE closed_stmt .)
    FALSE           reduce using rule 23 (if_stmt_closed -> if_cond closed_stmt ELSE closed_stmt .)
    TRUE            reduce using rule 23 (if_stmt_closed -> if_cond closed_stmt ELSE closed_stmt .)
    STRING_LIT      reduce using rule 23 (if_stmt_closed -> if_cond closed_stmt ELSE closed_stmt .)
    CHAR_LIT        reduce using rule 23 (if_stmt_closed -> if_cond closed_stmt ELSE closed_stmt .)
    INT_LIT         reduce using rule 23 (if_stmt_closed -> if_cond closed_stmt ELSE closed_stmt .)
    FLOAT_LIT       reduce using rule 23 (if_stmt_closed -> if_cond closed_stmt ELSE closed_stmt .)
    }               reduce using rule 23 (if_stmt_closed -> if_cond closed_stmt ELSE closed_stmt .)
    ELSE            reduce using rule 23 (if_stmt_closed -> if_cond closed_stmt ELSE closed_stmt .)


state 190

    (24) if_stmt_open -> if_cond closed_stmt ELSE if_stmt_open .
    DO              reduce using rule 24 (if_stmt_open -> if_cond closed_stmt ELSE if_stmt_open .)
    WHILE           reduce using rule 24 (if_stmt_open -> if_cond closed_stmt ELSE if_stmt_open .)
    ID              reduce using rule 24 (if_stmt_open -> if_cond closed_stmt ELSE if_stmt_open .)
    {               reduce using rule 24 (if_stmt_open -> if_cond closed_stmt ELSE if_stmt_open .)
    RETURN          reduce using rule 24 (if_stmt_open -> if_cond closed_stmt ELSE if_stmt_open .)
    PRINT           reduce using rule 24 (if_stmt_open -> if_cond closed_stmt ELSE if_stmt_open .)
    FOR             reduce using rule 24 (if_stmt_open -> if_cond closed_stmt ELSE if_stmt_open .)
    IF              reduce using rule 24 (if_stmt_open -> if_cond closed_stmt ELSE if_stmt_open .)
    NOT             reduce using rule 24 (if_stmt_open -> if_cond closed_stmt ELSE if_stmt_open .)
    -               reduce using rule 24 (if_stmt_open -> if_cond closed_stmt ELSE if_stmt_open .)
    (               reduce using rule 24 (if_stmt_open -> if_cond closed_stmt ELSE if_stmt_open .)
    FALSE           reduce using rule 24 (if_stmt_open -> if_cond closed_stmt ELSE if_stmt_open .)
    TRUE            reduce using rule 24 (if_stmt_open -> if_cond closed_stmt ELSE if_stmt_open .)
    STRING_LIT      reduce using rule 24 (if_stmt_open -> if_cond closed_stmt ELSE if_stmt_open .)
    CHAR_LIT        reduce using rule 24 (if_stmt_open -> if_cond closed_stmt ELSE if_stmt_open .)
    INT_LIT         reduce using rule 24 (if_stmt_open -> if_cond closed_stmt ELSE if_stmt_open .)
    FLOAT_LIT       reduce using rule 24 (if_stmt_open -> if_cond closed_stmt ELSE if_stmt_open .)
    }               reduce using rule 24 (if_stmt_open -> if_cond closed_stmt ELSE if_stmt_open .)
    ELSE            reduce using rule 24 (if_stmt_open -> if_cond closed_stmt ELSE if_stmt_open .)


state 191

    (28) for_stmt_closed -> for_header . closed_stmt
    (17) closed_stmt -> . simple_stmt
    (18) closed_stmt -> . for_stmt_closed
    (19) closed_stmt -> . if_stmt_closed
    (29) simple_stmt -> . dowhile_stmt
    (30) simple_stmt -> . while_stmt
    (31) simple_stmt -> . expr ;
    (32) simple_stmt -> . decl
    (33) simple_stmt -> . block_stmt
    (34) simple_stmt -> . return_stmt
    (35) simple_stmt -> . print_stmt
    (28) for_stmt_closed -> . for_header closed_stmt
    (23) if_stmt_closed -> . if_cond closed_stmt ELSE closed_stmt
    (37) dowhile_stmt -> . DO stmt WHILE ( expr ) ;
    (36) while_stmt -> . WHILE ( expr ) stmt
    (47) expr -> . expr1
    (4) decl -> . decl_init
    (5) decl -> . ID : type_func ;
    (6) decl -> . ID : type_array_sized ;
    (7) decl -> . ID : type_simple ;
    (40) block_stmt -> . { stmt_list }
    (39) return_stmt -> . RETURN opt_expr ;
    (38) print_stmt -> . PRINT opt_expr_list ;
    (26) for_header -> . FOR ( opt_expr ; opt_expr ; opt_expr )
    (22) if_cond -> . IF ( opt_expr )
    (48) expr1 -> . expr2
    (49) expr1 -> . lval = expr1
    (8) decl_init -> . ID : type_func = { opt_stmt_list }
    (9) decl_init -> . ID : type_array_sized = { opt_expr_list } ;
    (10) decl_init -> . ID : type_simple = expr ;
    (52) expr2 -> . expr3
    (53) expr2 -> . expr2 LOR expr3
    (50) lval -> . ID array_index
    (51) lval -> . ID
    (54) expr3 -> . expr4
    (55) expr3 -> . expr3 LAND expr4
    (56) expr4 -> . expr5
    (57) expr4 -> . expr4 GE expr5
    (58) expr4 -> . expr4 > expr5
    (59) expr4 -> . expr4 LE expr5
    (60) expr4 -> . expr4 < expr5
    (61) expr4 -> . expr4 NE expr5
    (62) expr4 -> . expr4 EQ expr5
    (63) expr5 -> . expr6
    (64) expr5 -> . expr5 - expr6
    (65) expr5 -> . expr5 + expr6
    (66) expr6 -> . expr7
    (67) expr6 -> . expr6 % expr7
    (68) expr6 -> . expr6 / expr7
    (69) expr6 -> . expr6 * expr7
    (70) expr7 -> . expr8
    (71) expr7 -> . expr7 ^ expr8
    (72) expr8 -> . expr9
    (73) expr8 -> . NOT expr8
    (74) expr8 -> . - expr8
    (75) expr9 -> . group
    (76) expr9 -> . expr9 DEC
    (77) expr9 -> . expr9 INC
    (78) group -> . factor
    (79) group -> . ID array_index
    (80) group -> . ID ( opt_expr_list )
    (81) group -> . ( expr )
    (88) factor -> . FALSE
    (89) factor -> . TRUE
    (90) factor -> . STRING_LIT
    (91) factor -> . CHAR_LIT
    (92) factor -> . INT_LIT
    (93) factor -> . FLOAT_LIT
    (94) factor -> . ID
    DO              shift and go to state 84
    WHILE           shift and go to state 85
    ID              shift and go to state 62
    {               shift and go to state 63
    RETURN          shift and go to state 86
    PRINT           shift and go to state 87
    FOR             shift and go to state 88
    IF              shift and go to state 89
    NOT             shift and go to state 45
    -               shift and go to state 41
    (               shift and go to state 48
    FALSE           shift and go to state 49
    TRUE            shift and go to state 50
    STRING_LIT      shift and go to state 51
    CHAR_LIT        shift and go to state 52
    INT_LIT         shift and go to state 53
    FLOAT_LIT       shift and go to state 54

    for_header                     shift and go to state 191
    closed_stmt                    shift and go to state 132
    simple_stmt                    shift and go to state 70
    for_stmt_closed                shift and go to state 71
    if_stmt_closed                 shift and go to state 72
    dowhile_stmt                   shift and go to state 75
    while_stmt                     shift and go to state 76
    expr                           shift and go to state 77
    decl                           shift and go to state 78
    block_stmt                     shift and go to state 79
    return_stmt                    shift and go to state 80
    print_stmt                     shift and go to state 81
    if_cond                        shift and go to state 198
    expr1                          shift and go to state 34
    decl_init                      shift and go to state 5
    expr2                          shift and go to state 35
    lval                           shift and go to state 36
    expr3                          shift and go to state 37
    expr4                          shift and go to state 38
    expr5                          shift and go to state 39
    expr6                          shift and go to state 40
    expr7                          shift and go to state 42
    expr8                          shift and go to state 43
    expr9                          shift and go to state 44
    group                          shift and go to state 46
    factor                         shift and go to state 47

state 192

    (37) dowhile_stmt -> DO stmt WHILE ( . expr ) ;
    (47) expr -> . expr1
    (48) expr1 -> . expr2
    (49) expr1 -> . lval = expr1
    (52) expr2 -> . expr3
    (53) expr2 -> . expr2 LOR expr3
    (50) lval -> . ID array_index
    (51) lval -> . ID
    (54) expr3 -> . expr4
    (55) expr3 -> . expr3 LAND expr4
    (56) expr4 -> . expr5
    (57) expr4 -> . expr4 GE expr5
    (58) expr4 -> . expr4 > expr5
    (59) expr4 -> . expr4 LE expr5
    (60) expr4 -> . expr4 < expr5
    (61) expr4 -> . expr4 NE expr5
    (62) expr4 -> . expr4 EQ expr5
    (63) expr5 -> . expr6
    (64) expr5 -> . expr5 - expr6
    (65) expr5 -> . expr5 + expr6
    (66) expr6 -> . expr7
    (67) expr6 -> . expr6 % expr7
    (68) expr6 -> . expr6 / expr7
    (69) expr6 -> . expr6 * expr7
    (70) expr7 -> . expr8
    (71) expr7 -> . expr7 ^ expr8
    (72) expr8 -> . expr9
    (73) expr8 -> . NOT expr8
    (74) expr8 -> . - expr8
    (75) expr9 -> . group
    (76) expr9 -> . expr9 DEC
    (77) expr9 -> . expr9 INC
    (78) group -> . factor
    (79) group -> . ID array_index
    (80) group -> . ID ( opt_expr_list )
    (81) group -> . ( expr )
    (88) factor -> . FALSE
    (89) factor -> . TRUE
    (90) factor -> . STRING_LIT
    (91) factor -> . CHAR_LIT
    (92) factor -> . INT_LIT
    (93) factor -> . FLOAT_LIT
    (94) factor -> . ID
    ID              shift and go to state 32
    NOT             shift and go to state 45
    -               shift and go to state 41
    (               shift and go to state 48
    FALSE           shift and go to state 49
    TRUE            shift and go to state 50
    STRING_LIT      shift and go to state 51
    CHAR_LIT        shift and go to state 52
    INT_LIT         shift and go to state 53
    FLOAT_LIT       shift and go to state 54

    expr                           shift and go to state 199
    expr1                          shift and go to state 34
    expr2                          shift and go to state 35
    lval                           shift and go to state 36
    expr3                          shift and go to state 37
    expr4                          shift and go to state 38
    expr5                          shift and go to state 39
    expr6                          shift and go to state 40
    expr7                          shift and go to state 42
    expr8                          shift and go to state 43
    expr9                          shift and go to state 44
    group                          shift and go to state 46
    factor                         shift and go to state 47

state 193

    (36) while_stmt -> WHILE ( expr ) . stmt
    (15) stmt -> . closed_stmt
    (16) stmt -> . open_stmt
    (17) closed_stmt -> . simple_stmt
    (18) closed_stmt -> . for_stmt_closed
    (19) closed_stmt -> . if_stmt_closed
    (20) open_stmt -> . for_stmt_open
    (21) open_stmt -> . if_stmt_open
    (29) simple_stmt -> . dowhile_stmt
    (30) simple_stmt -> . while_stmt
    (31) simple_stmt -> . expr ;
    (32) simple_stmt -> . decl
    (33) simple_stmt -> . block_stmt
    (34) simple_stmt -> . return_stmt
    (35) simple_stmt -> . print_stmt
    (28) for_stmt_closed -> . for_header closed_stmt
    (23) if_stmt_closed -> . if_cond closed_stmt ELSE closed_stmt
    (27) for_stmt_open -> . for_header open_stmt
    (24) if_stmt_open -> . if_cond closed_stmt ELSE if_stmt_open
    (25) if_stmt_open -> . if_cond stmt
    (37) dowhile_stmt -> . DO stmt WHILE ( expr ) ;
    (36) while_stmt -> . WHILE ( expr ) stmt
    (47) expr -> . expr1
    (4) decl -> . decl_init
    (5) decl -> . ID : type_func ;
    (6) decl -> . ID : type_array_sized ;
    (7) decl -> . ID : type_simple ;
    (40) block_stmt -> . { stmt_list }
    (39) return_stmt -> . RETURN opt_expr ;
    (38) print_stmt -> . PRINT opt_expr_list ;
    (26) for_header -> . FOR ( opt_expr ; opt_expr ; opt_expr )
    (22) if_cond -> . IF ( opt_expr )
    (48) expr1 -> . expr2
    (49) expr1 -> . lval = expr1
    (8) decl_init -> . ID : type_func = { opt_stmt_list }
    (9) decl_init -> . ID : type_array_sized = { opt_expr_list } ;
    (10) decl_init -> . ID : type_simple = expr ;
    (52) expr2 -> . expr3
    (53) expr2 -> . expr2 LOR expr3
    (50) lval -> . ID array_index
    (51) lval -> . ID
    (54) expr3 -> . expr4
    (55) expr3 -> . expr3 LAND expr4
    (56) expr4 -> . expr5
    (57) expr4 -> . expr4 GE expr5
    (58) expr4 -> . expr4 > expr5
    (59) expr4 -> . expr4 LE expr5
    (60) expr4 -> . expr4 < expr5
    (61) expr4 -> . expr4 NE expr5
    (62) expr4 -> . expr4 EQ expr5
    (63) expr5 -> . expr6
    (64) expr5 -> . expr5 - expr6
    (65) expr5 -> . expr5 + expr6
    (66) expr6 -> . expr7
    (67) expr6 -> . expr6 % expr7
    (68) expr6 -> . expr6 / expr7
    (69) expr6 -> . expr6 * expr7
    (70) expr7 -> . expr8
    (71) expr7 -> . expr7 ^ expr8
    (72) expr8 -> . expr9
    (73) expr8 -> . NOT expr8
    (74) expr8 -> . - expr8
    (75) expr9 -> . group
    (76) expr9 -> . expr9 DEC
    (77) expr9 -> . expr9 INC
    (78) group -> . factor
    (79) group -> . ID array_index
    (80) group -> . ID ( opt_expr_list )
    (81) group -> . ( expr )
    (88) factor -> . FALSE
    (89) factor -> . TRUE
    (90) factor -> . STRING_LIT
    (91) factor -> . CHAR_LIT
    (92) factor -> . INT_LIT
    (93) factor -> . FLOAT_LIT
    (94) factor -> . ID
    DO              shift and go to state 84
    WHILE           shift and go to state 85
    ID              shift and go to state 62
    {               shift and go to state 63
    RETURN          shift and go to state 86
    PRINT           shift and go to state 87
    FOR             shift and go to state 88
    IF              shift and go to state 89
    NOT             shift and go to state 45
    -               shift and go to state 41
    (               shift and go to state 48
    FALSE           shift and go to state 49
    TRUE            shift and go to state 50
    STRING_LIT      shift and go to state 51
    CHAR_LIT        shift and go to state 52
    INT_LIT         shift and go to state 53
    FLOAT_LIT       shift and go to state 54

    expr                           shift and go to state 77
    stmt                           shift and go to state 200
    closed_stmt                    shift and go to state 68
    open_stmt                      shift and go to state 69
    simple_stmt                    shift and go to state 70
    for_stmt_closed                shift and go to state 71
    if_stmt_closed                 shift and go to state 72
    for_stmt_open                  shift and go to state 73
    if_stmt_open                   shift and go to state 74
    dowhile_stmt                   shift and go to state 75
    while_stmt                     shift and go to state 76
    decl                           shift and go to state 78
    block_stmt                     shift and go to state 79
    return_stmt                    shift and go to state 80
    print_stmt                     shift and go to state 81
    for_header                     shift and go to state 82
    if_cond                        shift and go to state 83
    expr1                          shift and go to state 34
    decl_init                      shift and go to state 5
    expr2                          shift and go to state 35
    lval                           shift and go to state 36
    expr3                          shift and go to state 37
    expr4                          shift and go to state 38
    expr5                          shift and go to state 39
    expr6                          shift and go to state 40
    expr7                          shift and go to state 42
    expr8                          shift and go to state 43
    expr9                          shift and go to state 44
    group                          shift and go to state 46
    factor                         shift and go to state 47

state 194

    (26) for_header -> FOR ( opt_expr ; . opt_expr ; opt_expr )
    (45) opt_expr -> . expr
    (46) opt_expr -> . empty
    (47) expr -> . expr1
    (114) empty -> .
    (48) expr1 -> . expr2
    (49) expr1 -> . lval = expr1
    (52) expr2 -> . expr3
    (53) expr2 -> . expr2 LOR expr3
    (50) lval -> . ID array_index
    (51) lval -> . ID
    (54) expr3 -> . expr4
    (55) expr3 -> . expr3 LAND expr4
    (56) expr4 -> . expr5
    (57) expr4 -> . expr4 GE expr5
    (58) expr4 -> . expr4 > expr5
    (59) expr4 -> . expr4 LE expr5
    (60) expr4 -> . expr4 < expr5
    (61) expr4 -> . expr4 NE expr5
    (62) expr4 -> . expr4 EQ expr5
    (63) expr5 -> . expr6
    (64) expr5 -> . expr5 - expr6
    (65) expr5 -> . expr5 + expr6
    (66) expr6 -> . expr7
    (67) expr6 -> . expr6 % expr7
    (68) expr6 -> . expr6 / expr7
    (69) expr6 -> . expr6 * expr7
    (70) expr7 -> . expr8
    (71) expr7 -> . expr7 ^ expr8
    (72) expr8 -> . expr9
    (73) expr8 -> . NOT expr8
    (74) expr8 -> . - expr8
    (75) expr9 -> . group
    (76) expr9 -> . expr9 DEC
    (77) expr9 -> . expr9 INC
    (78) group -> . factor
    (79) group -> . ID array_index
    (80) group -> . ID ( opt_expr_list )
    (81) group -> . ( expr )
    (88) factor -> . FALSE
    (89) factor -> . TRUE
    (90) factor -> . STRING_LIT
    (91) factor -> . CHAR_LIT
    (92) factor -> . INT_LIT
    (93) factor -> . FLOAT_LIT
    (94) factor -> . ID
    ;               reduce using rule 114 (empty -> .)
    ID              shift and go to state 32
    NOT             shift and go to state 45
    -               shift and go to state 41
    (               shift and go to state 48
    FALSE           shift and go to state 49
    TRUE            shift and go to state 50
    STRING_LIT      shift and go to state 51
    CHAR_LIT        shift and go to state 52
    INT_LIT         shift and go to state 53
    FLOAT_LIT       shift and go to state 54

    opt_expr                       shift and go to state 201
    expr                           shift and go to state 139
    empty                          shift and go to state 140
    expr1                          shift and go to state 34
    expr2                          shift and go to state 35
    lval                           shift and go to state 36
    expr3                          shift and go to state 37
    expr4                          shift and go to state 38
    expr5                          shift and go to state 39
    expr6                          shift and go to state 40
    expr7                          shift and go to state 42
    expr8                          shift and go to state 43
    expr9                          shift and go to state 44
    group                          shift and go to state 46
    factor                         shift and go to state 47

state 195

    (22) if_cond -> IF ( opt_expr ) .
    DO              reduce using rule 22 (if_cond -> IF ( opt_expr ) .)
    WHILE           reduce using rule 22 (if_cond -> IF ( opt_expr ) .)
    ID              reduce using rule 22 (if_cond -> IF ( opt_expr ) .)
    {               reduce using rule 22 (if_cond -> IF ( opt_expr ) .)
    RETURN          reduce using rule 22 (if_cond -> IF ( opt_expr ) .)
    PRINT           reduce using rule 22 (if_cond -> IF ( opt_expr ) .)
    FOR             reduce using rule 22 (if_cond -> IF ( opt_expr ) .)
    IF              reduce using rule 22 (if_cond -> IF ( opt_expr ) .)
    NOT             reduce using rule 22 (if_cond -> IF ( opt_expr ) .)
    -               reduce using rule 22 (if_cond -> IF ( opt_expr ) .)
    (               reduce using rule 22 (if_cond -> IF ( opt_expr ) .)
    FALSE           reduce using rule 22 (if_cond -> IF ( opt_expr ) .)
    TRUE            reduce using rule 22 (if_cond -> IF ( opt_expr ) .)
    STRING_LIT      reduce using rule 22 (if_cond -> IF ( opt_expr ) .)
    CHAR_LIT        reduce using rule 22 (if_cond -> IF ( opt_expr ) .)
    INT_LIT         reduce using rule 22 (if_cond -> IF ( opt_expr ) .)
    FLOAT_LIT       reduce using rule 22 (if_cond -> IF ( opt_expr ) .)


state 196

    (101) type_array -> ARRAY [ . ] type_array
    (102) type_array -> ARRAY [ . ] type_simple
    (83) array_size_decl -> [ . array_size_expr ]
    (84) array_size_expr -> . array_size_expr * array_size_expr
    (85) array_size_expr -> . array_size_expr + array_size_expr
    (86) array_size_expr -> . INT_LIT
    (87) array_size_expr -> . ID
    ]               shift and go to state 202
    INT_LIT         shift and go to state 60
    ID              shift and go to state 61

    array_size_expr                shift and go to state 59

state 197

    (24) if_stmt_open -> if_cond closed_stmt . ELSE if_stmt_open
    (23) if_stmt_closed -> if_cond closed_stmt . ELSE closed_stmt
    (15) stmt -> closed_stmt .
  ! shift/reduce conflict for ELSE resolved as shift
    ELSE            shift and go to state 203
    DO              reduce using rule 15 (stmt -> closed_stmt .)
    WHILE           reduce using rule 15 (stmt -> closed_stmt .)
    ID              reduce using rule 15 (stmt -> closed_stmt .)
    {               reduce using rule 15 (stmt -> closed_stmt .)
    RETURN          reduce using rule 15 (stmt -> closed_stmt .)
    PRINT           reduce using rule 15 (stmt -> closed_stmt .)
    FOR             reduce using rule 15 (stmt -> closed_stmt .)
    IF              reduce using rule 15 (stmt -> closed_stmt .)
    NOT             reduce using rule 15 (stmt -> closed_stmt .)
    -               reduce using rule 15 (stmt -> closed_stmt .)
    (               reduce using rule 15 (stmt -> closed_stmt .)
    FALSE           reduce using rule 15 (stmt -> closed_stmt .)
    TRUE            reduce using rule 15 (stmt -> closed_stmt .)
    STRING_LIT      reduce using rule 15 (stmt -> closed_stmt .)
    CHAR_LIT        reduce using rule 15 (stmt -> closed_stmt .)
    INT_LIT         reduce using rule 15 (stmt -> closed_stmt .)
    FLOAT_LIT       reduce using rule 15 (stmt -> closed_stmt .)
    }               reduce using rule 15 (stmt -> closed_stmt .)


state 198

    (23) if_stmt_closed -> if_cond . closed_stmt ELSE closed_stmt
    (17) closed_stmt -> . simple_stmt
    (18) closed_stmt -> . for_stmt_closed
    (19) closed_stmt -> . if_stmt_closed
    (29) simple_stmt -> . dowhile_stmt
    (30) simple_stmt -> . while_stmt
    (31) simple_stmt -> . expr ;
    (32) simple_stmt -> . decl
    (33) simple_stmt -> . block_stmt
    (34) simple_stmt -> . return_stmt
    (35) simple_stmt -> . print_stmt
    (28) for_stmt_closed -> . for_header closed_stmt
    (23) if_stmt_closed -> . if_cond closed_stmt ELSE closed_stmt
    (37) dowhile_stmt -> . DO stmt WHILE ( expr ) ;
    (36) while_stmt -> . WHILE ( expr ) stmt
    (47) expr -> . expr1
    (4) decl -> . decl_init
    (5) decl -> . ID : type_func ;
    (6) decl -> . ID : type_array_sized ;
    (7) decl -> . ID : type_simple ;
    (40) block_stmt -> . { stmt_list }
    (39) return_stmt -> . RETURN opt_expr ;
    (38) print_stmt -> . PRINT opt_expr_list ;
    (26) for_header -> . FOR ( opt_expr ; opt_expr ; opt_expr )
    (22) if_cond -> . IF ( opt_expr )
    (48) expr1 -> . expr2
    (49) expr1 -> . lval = expr1
    (8) decl_init -> . ID : type_func = { opt_stmt_list }
    (9) decl_init -> . ID : type_array_sized = { opt_expr_list } ;
    (10) decl_init -> . ID : type_simple = expr ;
    (52) expr2 -> . expr3
    (53) expr2 -> . expr2 LOR expr3
    (50) lval -> . ID array_index
    (51) lval -> . ID
    (54) expr3 -> . expr4
    (55) expr3 -> . expr3 LAND expr4
    (56) expr4 -> . expr5
    (57) expr4 -> . expr4 GE expr5
    (58) expr4 -> . expr4 > expr5
    (59) expr4 -> . expr4 LE expr5
    (60) expr4 -> . expr4 < expr5
    (61) expr4 -> . expr4 NE expr5
    (62) expr4 -> . expr4 EQ expr5
    (63) expr5 -> . expr6
    (64) expr5 -> . expr5 - expr6
    (65) expr5 -> . expr5 + expr6
    (66) expr6 -> . expr7
    (67) expr6 -> . expr6 % expr7
    (68) expr6 -> . expr6 / expr7
    (69) expr6 -> . expr6 * expr7
    (70) expr7 -> . expr8
    (71) expr7 -> . expr7 ^ expr8
    (72) expr8 -> . expr9
    (73) expr8 -> . NOT expr8
    (74) expr8 -> . - expr8
    (75) expr9 -> . group
    (76) expr9 -> . expr9 DEC
    (77) expr9 -> . expr9 INC
    (78) group -> . factor
    (79) group -> . ID array_index
    (80) group -> . ID ( opt_expr_list )
    (81) group -> . ( expr )
    (88) factor -> . FALSE
    (89) factor -> . TRUE
    (90) factor -> . STRING_LIT
    (91) factor -> . CHAR_LIT
    (92) factor -> . INT_LIT
    (93) factor -> . FLOAT_LIT
    (94) factor -> . ID
    DO              shift and go to state 84
    WHILE           shift and go to state 85
    ID              shift and go to state 62
    {               shift and go to state 63
    RETURN          shift and go to state 86
    PRINT           shift and go to state 87
    FOR             shift and go to state 88
    IF              shift and go to state 89
    NOT             shift and go to state 45
    -               shift and go to state 41
    (               shift and go to state 48
    FALSE           shift and go to state 49
    TRUE            shift and go to state 50
    STRING_LIT      shift and go to state 51
    CHAR_LIT        shift and go to state 52
    INT_LIT         shift and go to state 53
    FLOAT_LIT       shift and go to state 54

    if_cond                        shift and go to state 198
    closed_stmt                    shift and go to state 204
    simple_stmt                    shift and go to state 70
    for_stmt_closed                shift and go to state 71
    if_stmt_closed                 shift and go to state 72
    dowhile_stmt                   shift and go to state 75
    while_stmt                     shift and go to state 76
    expr                           shift and go to state 77
    decl                           shift and go to state 78
    block_stmt                     shift and go to state 79
    return_stmt                    shift and go to state 80
    print_stmt                     shift and go to state 81
    for_header                     shift and go to state 191
    expr1                          shift and go to state 34
    decl_init                      shift and go to state 5
    expr2                          shift and go to state 35
    lval                           shift and go to state 36
    expr3                          shift and go to state 37
    expr4                          shift and go to state 38
    expr5                          shift and go to state 39
    expr6                          shift and go to state 40
    expr7                          shift and go to state 42
    expr8                          shift and go to state 43
    expr9                          shift and go to state 44
    group                          shift and go to state 46
    factor                         shift and go to state 47

state 199

    (37) dowhile_stmt -> DO stmt WHILE ( expr . ) ;
    )               shift and go to state 205


state 200

    (36) while_stmt -> WHILE ( expr ) stmt .
    DO              reduce using rule 36 (while_stmt -> WHILE ( expr ) stmt .)
    WHILE           reduce using rule 36 (while_stmt -> WHILE ( expr ) stmt .)
    ID              reduce using rule 36 (while_stmt -> WHILE ( expr ) stmt .)
    {               reduce using rule 36 (while_stmt -> WHILE ( expr ) stmt .)
    RETURN          reduce using rule 36 (while_stmt -> WHILE ( expr ) stmt .)
    PRINT           reduce using rule 36 (while_stmt -> WHILE ( expr ) stmt .)
    FOR             reduce using rule 36 (while_stmt -> WHILE ( expr ) stmt .)
    IF              reduce using rule 36 (while_stmt -> WHILE ( expr ) stmt .)
    NOT             reduce using rule 36 (while_stmt -> WHILE ( expr ) stmt .)
    -               reduce using rule 36 (while_stmt -> WHILE ( expr ) stmt .)
    (               reduce using rule 36 (while_stmt -> WHILE ( expr ) stmt .)
    FALSE           reduce using rule 36 (while_stmt -> WHILE ( expr ) stmt .)
    TRUE            reduce using rule 36 (while_stmt -> WHILE ( expr ) stmt .)
    STRING_LIT      reduce using rule 36 (while_stmt -> WHILE ( expr ) stmt .)
    CHAR_LIT        reduce using rule 36 (while_stmt -> WHILE ( expr ) stmt .)
    INT_LIT         reduce using rule 36 (while_stmt -> WHILE ( expr ) stmt .)
    FLOAT_LIT       reduce using rule 36 (while_stmt -> WHILE ( expr ) stmt .)
    }               reduce using rule 36 (while_stmt -> WHILE ( expr ) stmt .)
    ELSE            reduce using rule 36 (while_stmt -> WHILE ( expr ) stmt .)


state 201

    (26) for_header -> FOR ( opt_expr ; opt_expr . ; opt_expr )
    ;               shift and go to state 206


state 202

    (101) type_array -> ARRAY [ ] . type_array
    (102) type_array -> ARRAY [ ] . type_simple
    (101) type_array -> . ARRAY [ ] type_array
    (102) type_array -> . ARRAY [ ] type_simple
    (95) type_simple -> . VOID
    (96) type_simple -> . STRING
    (97) type_simple -> . CHAR
    (98) type_simple -> . BOOLEAN
    (99) type_simple -> . FLOAT
    (100) type_simple -> . INTEGER
    ARRAY           shift and go to state 207
    VOID            shift and go to state 14
    STRING          shift and go to state 15
    CHAR            shift and go to state 16
    BOOLEAN         shift and go to state 17
    FLOAT           shift and go to state 18
    INTEGER         shift and go to state 19

    type_array                     shift and go to state 208
    type_simple                    shift and go to state 209

state 203

    (24) if_stmt_open -> if_cond closed_stmt ELSE . if_stmt_open
    (23) if_stmt_closed -> if_cond closed_stmt ELSE . closed_stmt
    (24) if_stmt_open -> . if_cond closed_stmt ELSE if_stmt_open
    (25) if_stmt_open -> . if_cond stmt
    (17) closed_stmt -> . simple_stmt
    (18) closed_stmt -> . for_stmt_closed
    (19) closed_stmt -> . if_stmt_closed
    (22) if_cond -> . IF ( opt_expr )
    (29) simple_stmt -> . dowhile_stmt
    (30) simple_stmt -> . while_stmt
    (31) simple_stmt -> . expr ;
    (32) simple_stmt -> . decl
    (33) simple_stmt -> . block_stmt
    (34) simple_stmt -> . return_stmt
    (35) simple_stmt -> . print_stmt
    (28) for_stmt_closed -> . for_header closed_stmt
    (23) if_stmt_closed -> . if_cond closed_stmt ELSE closed_stmt
    (37) dowhile_stmt -> . DO stmt WHILE ( expr ) ;
    (36) while_stmt -> . WHILE ( expr ) stmt
    (47) expr -> . expr1
    (4) decl -> . decl_init
    (5) decl -> . ID : type_func ;
    (6) decl -> . ID : type_array_sized ;
    (7) decl -> . ID : type_simple ;
    (40) block_stmt -> . { stmt_list }
    (39) return_stmt -> . RETURN opt_expr ;
    (38) print_stmt -> . PRINT opt_expr_list ;
    (26) for_header -> . FOR ( opt_expr ; opt_expr ; opt_expr )
    (48) expr1 -> . expr2
    (49) expr1 -> . lval = expr1
    (8) decl_init -> . ID : type_func = { opt_stmt_list }
    (9) decl_init -> . ID : type_array_sized = { opt_expr_list } ;
    (10) decl_init -> . ID : type_simple = expr ;
    (52) expr2 -> . expr3
    (53) expr2 -> . expr2 LOR expr3
    (50) lval -> . ID array_index
    (51) lval -> . ID
    (54) expr3 -> . expr4
    (55) expr3 -> . expr3 LAND expr4
    (56) expr4 -> . expr5
    (57) expr4 -> . expr4 GE expr5
    (58) expr4 -> . expr4 > expr5
    (59) expr4 -> . expr4 LE expr5
    (60) expr4 -> . expr4 < expr5
    (61) expr4 -> . expr4 NE expr5
    (62) expr4 -> . expr4 EQ expr5
    (63) expr5 -> . expr6
    (64) expr5 -> . expr5 - expr6
    (65) expr5 -> . expr5 + expr6
    (66) expr6 -> . expr7
    (67) expr6 -> . expr6 % expr7
    (68) expr6 -> . expr6 / expr7
    (69) expr6 -> . expr6 * expr7
    (70) expr7 -> . expr8
    (71) expr7 -> . expr7 ^ expr8
    (72) expr8 -> . expr9
    (73) expr8 -> . NOT expr8
    (74) expr8 -> . - expr8
    (75) expr9 -> . group
    (76) expr9 -> . expr9 DEC
    (77) expr9 -> . expr9 INC
    (78) group -> . factor
    (79) group -> . ID array_index
    (80) group -> . ID ( opt_expr_list )
    (81) group -> . ( expr )
    (88) factor -> . FALSE
    (89) factor -> . TRUE
    (90) factor -> . STRING_LIT
    (91) factor -> . CHAR_LIT
    (92) factor -> . INT_LIT
    (93) factor -> . FLOAT_LIT
    (94) factor -> . ID
    IF              shift and go to state 89
    DO              shift and go to state 84
    WHILE           shift and go to state 85
    ID              shift and go to state 62
    {               shift and go to state 63
    RETURN          shift and go to state 86
    PRINT           shift and go to state 87
    FOR             shift and go to state 88
    NOT             shift and go to state 45
    -               shift and go to state 41
    (               shift and go to state 48
    FALSE           shift and go to state 49
    TRUE            shift and go to state 50
    STRING_LIT      shift and go to state 51
    CHAR_LIT        shift and go to state 52
    INT_LIT         shift and go to state 53
    FLOAT_LIT       shift and go to state 54

    if_cond                        shift and go to state 188
    closed_stmt                    shift and go to state 189
    if_stmt_open                   shift and go to state 190
    simple_stmt                    shift and go to state 70
    for_stmt_closed                shift and go to state 71
    if_stmt_closed                 shift and go to state 72
    dowhile_stmt                   shift and go to state 75
    while_stmt                     shift and go to state 76
    expr                           shift and go to state 77
    decl                           shift and go to state 78
    block_stmt                     shift and go to state 79
    return_stmt                    shift and go to state 80
    print_stmt                     shift and go to state 81
    for_header                     shift and go to state 191
    expr1                          shift and go to state 34
    decl_init                      shift and go to state 5
    expr2                          shift and go to state 35
    lval                           shift and go to state 36
    expr3                          shift and go to state 37
    expr4                          shift and go to state 38
    expr5                          shift and go to state 39
    expr6                          shift and go to state 40
    expr7                          shift and go to state 42
    expr8                          shift and go to state 43
    expr9                          shift and go to state 44
    group                          shift and go to state 46
    factor                         shift and go to state 47

state 204

    (23) if_stmt_closed -> if_cond closed_stmt . ELSE closed_stmt
    ELSE            shift and go to state 210


state 205

    (37) dowhile_stmt -> DO stmt WHILE ( expr ) . ;
    ;               shift and go to state 211


state 206

    (26) for_header -> FOR ( opt_expr ; opt_expr ; . opt_expr )
    (45) opt_expr -> . expr
    (46) opt_expr -> . empty
    (47) expr -> . expr1
    (114) empty -> .
    (48) expr1 -> . expr2
    (49) expr1 -> . lval = expr1
    (52) expr2 -> . expr3
    (53) expr2 -> . expr2 LOR expr3
    (50) lval -> . ID array_index
    (51) lval -> . ID
    (54) expr3 -> . expr4
    (55) expr3 -> . expr3 LAND expr4
    (56) expr4 -> . expr5
    (57) expr4 -> . expr4 GE expr5
    (58) expr4 -> . expr4 > expr5
    (59) expr4 -> . expr4 LE expr5
    (60) expr4 -> . expr4 < expr5
    (61) expr4 -> . expr4 NE expr5
    (62) expr4 -> . expr4 EQ expr5
    (63) expr5 -> . expr6
    (64) expr5 -> . expr5 - expr6
    (65) expr5 -> . expr5 + expr6
    (66) expr6 -> . expr7
    (67) expr6 -> . expr6 % expr7
    (68) expr6 -> . expr6 / expr7
    (69) expr6 -> . expr6 * expr7
    (70) expr7 -> . expr8
    (71) expr7 -> . expr7 ^ expr8
    (72) expr8 -> . expr9
    (73) expr8 -> . NOT expr8
    (74) expr8 -> . - expr8
    (75) expr9 -> . group
    (76) expr9 -> . expr9 DEC
    (77) expr9 -> . expr9 INC
    (78) group -> . factor
    (79) group -> . ID array_index
    (80) group -> . ID ( opt_expr_list )
    (81) group -> . ( expr )
    (88) factor -> . FALSE
    (89) factor -> . TRUE
    (90) factor -> . STRING_LIT
    (91) factor -> . CHAR_LIT
    (92) factor -> . INT_LIT
    (93) factor -> . FLOAT_LIT
    (94) factor -> . ID
    )               reduce using rule 114 (empty -> .)
    ID              shift and go to state 32
    NOT             shift and go to state 45
    -               shift and go to state 41
    (               shift and go to state 48
    FALSE           shift and go to state 49
    TRUE            shift and go to state 50
    STRING_LIT      shift and go to state 51
    CHAR_LIT        shift and go to state 52
    INT_LIT         shift and go to state 53
    FLOAT_LIT       shift and go to state 54

    opt_expr                       shift and go to state 212
    expr                           shift and go to state 139
    empty                          shift and go to state 140
    expr1                          shift and go to state 34
    expr2                          shift and go to state 35
    lval                           shift and go to state 36
    expr3                          shift and go to state 37
    expr4                          shift and go to state 38
    expr5                          shift and go to state 39
    expr6                          shift and go to state 40
    expr7                          shift and go to state 42
    expr8                          shift and go to state 43
    expr9                          shift and go to state 44
    group                          shift and go to state 46
    factor                         shift and go to state 47

state 207

    (101) type_array -> ARRAY . [ ] type_array
    (102) type_array -> ARRAY . [ ] type_simple
    [               shift and go to state 213


state 208

    (101) type_array -> ARRAY [ ] type_array .
    ,               reduce using rule 101 (type_array -> ARRAY [ ] type_array .)
    )               reduce using rule 101 (type_array -> ARRAY [ ] type_array .)


state 209

    (102) type_array -> ARRAY [ ] type_simple .
    ,               reduce using rule 102 (type_array -> ARRAY [ ] type_simple .)
    )               reduce using rule 102 (type_array -> ARRAY [ ] type_simple .)


state 210

    (23) if_stmt_closed -> if_cond closed_stmt ELSE . closed_stmt
    (17) closed_stmt -> . simple_stmt
    (18) closed_stmt -> . for_stmt_closed
    (19) closed_stmt -> . if_stmt_closed
    (29) simple_stmt -> . dowhile_stmt
    (30) simple_stmt -> . while_stmt
    (31) simple_stmt -> . expr ;
    (32) simple_stmt -> . decl
    (33) simple_stmt -> . block_stmt
    (34) simple_stmt -> . return_stmt
    (35) simple_stmt -> . print_stmt
    (28) for_stmt_closed -> . for_header closed_stmt
    (23) if_stmt_closed -> . if_cond closed_stmt ELSE closed_stmt
    (37) dowhile_stmt -> . DO stmt WHILE ( expr ) ;
    (36) while_stmt -> . WHILE ( expr ) stmt
    (47) expr -> . expr1
    (4) decl -> . decl_init
    (5) decl -> . ID : type_func ;
    (6) decl -> . ID : type_array_sized ;
    (7) decl -> . ID : type_simple ;
    (40) block_stmt -> . { stmt_list }
    (39) return_stmt -> . RETURN opt_expr ;
    (38) print_stmt -> . PRINT opt_expr_list ;
    (26) for_header -> . FOR ( opt_expr ; opt_expr ; opt_expr )
    (22) if_cond -> . IF ( opt_expr )
    (48) expr1 -> . expr2
    (49) expr1 -> . lval = expr1
    (8) decl_init -> . ID : type_func = { opt_stmt_list }
    (9) decl_init -> . ID : type_array_sized = { opt_expr_list } ;
    (10) decl_init -> . ID : type_simple = expr ;
    (52) expr2 -> . expr3
    (53) expr2 -> . expr2 LOR expr3
    (50) lval -> . ID array_index
    (51) lval -> . ID
    (54) expr3 -> . expr4
    (55) expr3 -> . expr3 LAND expr4
    (56) expr4 -> . expr5
    (57) expr4 -> . expr4 GE expr5
    (58) expr4 -> . expr4 > expr5
    (59) expr4 -> . expr4 LE expr5
    (60) expr4 -> . expr4 < expr5
    (61) expr4 -> . expr4 NE expr5
    (62) expr4 -> . expr4 EQ expr5
    (63) expr5 -> . expr6
    (64) expr5 -> . expr5 - expr6
    (65) expr5 -> . expr5 + expr6
    (66) expr6 -> . expr7
    (67) expr6 -> . expr6 % expr7
    (68) expr6 -> . expr6 / expr7
    (69) expr6 -> . expr6 * expr7
    (70) expr7 -> . expr8
    (71) expr7 -> . expr7 ^ expr8
    (72) expr8 -> . expr9
    (73) expr8 -> . NOT expr8
    (74) expr8 -> . - expr8
    (75) expr9 -> . group
    (76) expr9 -> . expr9 DEC
    (77) expr9 -> . expr9 INC
    (78) group -> . factor
    (79) group -> . ID array_index
    (80) group -> . ID ( opt_expr_list )
    (81) group -> . ( expr )
    (88) factor -> . FALSE
    (89) factor -> . TRUE
    (90) factor -> . STRING_LIT
    (91) factor -> . CHAR_LIT
    (92) factor -> . INT_LIT
    (93) factor -> . FLOAT_LIT
    (94) factor -> . ID
    DO              shift and go to state 84
    WHILE           shift and go to state 85
    ID              shift and go to state 62
    {               shift and go to state 63
    RETURN          shift and go to state 86
    PRINT           shift and go to state 87
    FOR             shift and go to state 88
    IF              shift and go to state 89
    NOT             shift and go to state 45
    -               shift and go to state 41
    (               shift and go to state 48
    FALSE           shift and go to state 49
    TRUE            shift and go to state 50
    STRING_LIT      shift and go to state 51
    CHAR_LIT        shift and go to state 52
    INT_LIT         shift and go to state 53
    FLOAT_LIT       shift and go to state 54

    if_cond                        shift and go to state 198
    closed_stmt                    shift and go to state 189
    simple_stmt                    shift and go to state 70
    for_stmt_closed                shift and go to state 71
    if_stmt_closed                 shift and go to state 72
    dowhile_stmt                   shift and go to state 75
    while_stmt                     shift and go to state 76
    expr                           shift and go to state 77
    decl                           shift and go to state 78
    block_stmt                     shift and go to state 79
    return_stmt                    shift and go to state 80
    print_stmt                     shift and go to state 81
    for_header                     shift and go to state 191
    expr1                          shift and go to state 34
    decl_init                      shift and go to state 5
    expr2                          shift and go to state 35
    lval                           shift and go to state 36
    expr3                          shift and go to state 37
    expr4                          shift and go to state 38
    expr5                          shift and go to state 39
    expr6                          shift and go to state 40
    expr7                          shift and go to state 42
    expr8                          shift and go to state 43
    expr9                          shift and go to state 44
    group                          shift and go to state 46
    factor                         shift and go to state 47

state 211

    (37) dowhile_stmt -> DO stmt WHILE ( expr ) ; .
    DO              reduce using rule 37 (dowhile_stmt -> DO stmt WHILE ( expr ) ; .)
    WHILE           reduce using rule 37 (dowhile_stmt -> DO stmt WHILE ( expr ) ; .)
    ID              reduce using rule 37 (dowhile_stmt -> DO stmt WHILE ( expr ) ; .)
    {               reduce using rule 37 (dowhile_stmt -> DO stmt WHILE ( expr ) ; .)
    RETURN          reduce using rule 37 (dowhile_stmt -> DO stmt WHILE ( expr ) ; .)
    PRINT           reduce using rule 37 (dowhile_stmt -> DO stmt WHILE ( expr ) ; .)
    FOR             reduce using rule 37 (dowhile_stmt -> DO stmt WHILE ( expr ) ; .)
    IF              reduce using rule 37 (dowhile_stmt -> DO stmt WHILE ( expr ) ; .)
    NOT             reduce using rule 37 (dowhile_stmt -> DO stmt WHILE ( expr ) ; .)
    -               reduce using rule 37 (dowhile_stmt -> DO stmt WHILE ( expr ) ; .)
    (               reduce using rule 37 (dowhile_stmt -> DO stmt WHILE ( expr ) ; .)
    FALSE           reduce using rule 37 (dowhile_stmt -> DO stmt WHILE ( expr ) ; .)
    TRUE            reduce using rule 37 (dowhile_stmt -> DO stmt WHILE ( expr ) ; .)
    STRING_LIT      reduce using rule 37 (dowhile_stmt -> DO stmt WHILE ( expr ) ; .)
    CHAR_LIT        reduce using rule 37 (dowhile_stmt -> DO stmt WHILE ( expr ) ; .)
    INT_LIT         reduce using rule 37 (dowhile_stmt -> DO stmt WHILE ( expr ) ; .)
    FLOAT_LIT       reduce using rule 37 (dowhile_stmt -> DO stmt WHILE ( expr ) ; .)
    }               reduce using rule 37 (dowhile_stmt -> DO stmt WHILE ( expr ) ; .)
    ELSE            reduce using rule 37 (dowhile_stmt -> DO stmt WHILE ( expr ) ; .)


state 212

    (26) for_header -> FOR ( opt_expr ; opt_expr ; opt_expr . )
    )               shift and go to state 214


state 213

    (101) type_array -> ARRAY [ . ] type_array
    (102) type_array -> ARRAY [ . ] type_simple
    ]               shift and go to state 202


state 214

    (26) for_header -> FOR ( opt_expr ; opt_expr ; opt_expr ) .
    DO              reduce using rule 26 (for_header -> FOR ( opt_expr ; opt_expr ; opt_expr ) .)
    WHILE           reduce using rule 26 (for_header -> FOR ( opt_expr ; opt_expr ; opt_expr ) .)
    ID              reduce using rule 26 (for_header -> FOR ( opt_expr ; opt_expr ; opt_expr ) .)
    {               reduce using rule 26 (for_header -> FOR ( opt_expr ; opt_expr ; opt_expr ) .)
    RETURN          reduce using rule 26 (for_header -> FOR ( opt_expr ; opt_expr ; opt_expr ) .)
    PRINT           reduce using rule 26 (for_header -> FOR ( opt_expr ; opt_expr ; opt_expr ) .)
    FOR             reduce using rule 26 (for_header -> FOR ( opt_expr ; opt_expr ; opt_expr ) .)
    IF              reduce using rule 26 (for_header -> FOR ( opt_expr ; opt_expr ; opt_expr ) .)
    NOT             reduce using rule 26 (for_header -> FOR ( opt_expr ; opt_expr ; opt_expr ) .)
    -               reduce using rule 26 (for_header -> FOR ( opt_expr ; opt_expr ; opt_expr ) .)
    (               reduce using rule 26 (for_header -> FOR ( opt_expr ; opt_expr ; opt_expr ) .)
    FALSE           reduce using rule 26 (for_header -> FOR ( opt_expr ; opt_expr ; opt_expr ) .)
    TRUE            reduce using rule 26 (for_header -> FOR ( opt_expr ; opt_expr ; opt_expr ) .)
    STRING_LIT      reduce using rule 26 (for_header -> FOR ( opt_expr ; opt_expr ; opt_expr ) .)
    CHAR_LIT        reduce using rule 26 (for_header -> FOR ( opt_expr ; opt_expr ; opt_expr ) .)
    INT_LIT         reduce using rule 26 (for_header -> FOR ( opt_expr ; opt_expr ; opt_expr ) .)
    FLOAT_LIT       reduce using rule 26 (for_header -> FOR ( opt_expr ; opt_expr ; opt_expr ) .)


Conflicts:

shift/reduce conflict for ELSE in state 134 resolved as shift
shift/reduce conflict for ELSE in state 197 resolved as shift